No.,Business_Name,Pre_Crash_Mode,AV,OtherVeh,Weather,Lighting,Collision_Type,Damage_Detail
131,Cruise,Autonomous,Proceeding Straight,Making Right Turn,Clear,Daylight,Rear End,"A Cruise autonomous vehicle ("" Cruise AV"" ), operating in autonomous mode, was traveling northbound on South Van Ness
 
 Street near the Howard Street fork when another vehicle, œturning right onto South Van Ness from Howard, made contact with
 
 the right rear corner of the Cruise AV, causing damage to the Cruise AV' s rear bumper. There were no injuries and police
 
 were not called."
132,Aurora,Conventional,Stopped,Proceeding Straight,Clear,Daylight,Head-On,"On 01/10/2019 at 2:52 pm, an Aurora vehicle was stopped at a red traffic light in manual mode on Townsend and 3rd, was struck in the rear bumper by Honda CR-V approaching from behind. There was moderate damage to the Aurora vehicle's right rear sensor, mount and quarter panel. There was minimal damage to the Honda's front right bumper. Both vehicles were operational and pulled over on a side street to exchange vehicle and insurance information. No injuries were reported and no police were requested nor present at the scene."
133,Google,Conventional,Stopped,Making Right Turn,Clear,Daylight,Rear End,"Per the DMV's request of 02/21/2019, Waymo is resubmitting this OL316 so the DMV's digital version is compliant with accessibility requirements under AB 434. Waymo's original report was submitted on 01/31/2019. A Waymo Autonomous Vehicle (""Waymo A V"") in manual mode was yielding to check for cross traffic while in the slip lane to turn from southbound Shoreline Boulevard to westbound El Camino Real in Mountain view when it was rear-ended by a passenger vehicle. The Waymo AV sustained minor damaged to the rear left of the vehicle, and the passenger vehicle had minor damage to the front right of the vehicle. No injuries were reported."
134,Cruise,Autonomous,Making Right Turn,Entering Traffic,Clear,Dark-Street Lights,Rear End,"A Cruise autonomous vehicle (?Cruise AV?), operating in autonomous mode, was making a right turn from 16th Street onto northbound Guerrero Street when another vehicle, entering traffic from a curbside parked position on westbound 16th Street, made contact with the right rear corner of the Cruise AV, damaging the Cruise AV?s rear right bumper, wheel well, and rear parking sensor. The driver of the other vehicle drove away without exchanging information. There were no injuries and police were not called."
135,Cruise,Autonomous,Slowing/Stopping,Proceeding Straight,Clear,Dark-Street Lights,Rear End,"A Cruise autonomous vehicle (?Cruise AV?), operating in autonomous mode, was traveling southbound on Gough Street between Rose and Haight Streets when another vehicle, following closely behind the Cruise AV, made contact with the rear center bumper of the Cruise AV, damaging two fastening clips on the underside of the Cruise AV?s rear bumper. There were no injuries and police were not called."
136,Google,Autonomous,Stopped,Proceeding Straight,Cloudy,Dusk-Dawn,Rear End,"A Waymo Autonomous Vehicle (?Waymo AV?) was stopped in autonomous mode at the intersection of Miramonte Avenue and Covington Road in Los Altos when it was involved in a collision. The Waymo AV was traveling northbound on Miramonte Avenue, when it reached a four-way stop sign intersection. The Waymo AV stopped to yield to another vehicle at the intersection, at which time a passenger vehicle rear-ended the Waymo AV at approximately 39 MPH. At the time of the collision the Waymo AV had been stopped for approximately 1.5 seconds. The Waymo AV sustained major damage to its rear bumper, rear hatch, and rear quarter panels, and the passenger vehicle sustained major damage to its front bumper, hood, and front quarter panels. First responders attended to the scene, but neither party reported injuries."
137,Cruise,Conventional,Proceeding Straight,Proceeding Straight,Raining,Dark-Street Lights,Rear End,"Cruise autonomous vehicle (?Cruise AV?), operating in autonomous mode, was traveling southbound on Gough Street at the intersection with Fell Street when the Cruise AV began to yield to a car on its right. The driver of the Cruise AV disengaged from autonomous mode, and shortly thereafter, another vehicle made contact with the center rear bumper of the Cruise AV, damaging the rear radar mounting bracket of the Cruise AV. There were no injuries and police were not called."
138,Google,Conventional,Changing Lanes,Proceeding Straight,Clear,Daylight,Side Swipe,"Per the DMV's request of 02/21/2019, Waymo is resubmitting this OL316 so the DMV's digital version is compliant with accessibility requirements under AB 434. Waymo's original report was submitted on 02/19/2019. A Waymo Autonomous Vehicle (?Waymo AV?) was traveling in autonomous mode in the far right lane on southbound Highway 85 passing El Camino Real in Mountain View. A passenger vehicle entered the highway from El Camino Real and made an unsafe maneuver by crossing over a solid white line and cutting-in to the Waymo AV?s lane. Out of an abundance of caution, the Waymo AV?s test driver disengaged the autonomous mode on the Waymo AV and made an evasive maneuver into the left adjacent lane at approximately 45 MPH. As the test driver made the maneuver, the Waymo AV came into contact with a second passenger vehicle that had been approaching from behind in the left adjacent lane. The Waymo AV sustained minor damage and tire marks to the driver side of the vehicle, and the second passenger vehicle sustained no damage. The driver of the second passenger vehicle stopped to exchange information with the Waymo test driver, but after volunteering that there was no damage to their vehicle, left the scene. The first passenger vehicle did not stop. There were no injuries reported."
139,Google,Autonomous,Stopped,Proceeding Straight,Cloudy,Daylight,Rear End,"Per the DMV's request of 02/21/2019, Waymo is resubmitting this OL316 so the DMV's digital version is compliant with accessibility requirements under AB 434. Waymo's original report was submitted on 02/14/2019. A Waymo Autonomous Vehicle (?Waymo AV?) was stopped in autonomous mode in the slip-lane from northbound Shoreline Boulevard to northbound Central Expressway in Mountain View when it was rear-ended. The Waymo AV was yielding to approaching traffic from the left when a passenger vehicle rear-ended the Waymo AV while travelling approximately 4 MPH. The Waymo AV sustained minor damage to the rear bumper, and the passenger vehicle had minor damage to its front bumper. No injuries were reported at the scene but the two operators in the Waymo AV later reported minor headache and neck soreness. They sought medical attention and both were cleared to return to work."
140,Cruise,Conventional,Proceeding Straight,Parked,Clear,Dark-Street Lights,Side Swipe,"A Cruise autonomous vehicle (?Cruise AV?) being driven in conventional mode was involved in a collision while traveling on northbound 36th Avenue between Balboa and Anza Streets. While proceeding straight on 36th, the driver of the Cruise AV made contact with two unoccupied vehicles parked (?parked vehicle 1? and ?parked vehicle 2?) on southbound 36th Avenue, damaging the front and rear driver side doors and side mirror of parked vehicle 1 and the front left bumper and wheel well of parked vehicle 2. The collision also resulted in damage to the Cruise AV?s front left radar, bumper, wheel well, and wheel axle. There were no injuries."
141,Cruise,Conventional,Making Right Turn,Proceeding Straight,Clear,Daylight,Broadside,"A Cruise autonomous vehicle (?Cruise AV?) being driven in conventional mode was involved in a collision while traveling on westbound Mason Street between Yacht Road and Javowitz Street. While making a right turn onto an unmarked road, the driver of the Cruise AV made contact with a bicyclist traveling in the eastbound, unprotected bicycle lane on Mason Street. The police were not called. (amended as of 4/30/2019)"
142,Lyft,Conventional,Proceeding Straight,Changing Lanes,Clear,Daylight,Head-On,"On April 11, 2019 at approximately 11:31 am, a Lyft Autonomous Vehicle operating in manual mode was involved in an incident with a moving third party vehicle. The incident occurred after making a right turn from Natoma Street and 6th Street in San Francisco, CA. Lyft was proceeding straight in the right lane when the third party vehicle aggressively swerved into the right lane, cutting broadside in front of the Lyft AV, and came to a complete stop, causing unavoidable impact from the Lyft AV at approximately 1 mph. The Lyft AV sustained damage to the front left bumper, fender, and left lidar sensor. The third party vehicle sustained damage to the right rear quarter panel and rear passenger door. Lyft AV operators called 911 due to hostile behavior of the third party driver and emergency vehicles responded to the scene. No injuries were reported by the first responders or the team in the Lyft AV."
143,Cruise,Conventional,Proceeding Straight,Proceeding Straight,Clear,Daylight,Side Swipe,"A Cruise autonomous vehicle (?Cruise AV?), operating in autonomous mode, was traveling northbound on Franklin Street at the intersection with Ellis Street when the Cruise AV began to yield to a lane-splitting motorcyclist on its left rear. The driver of the Cruise AV disengaged from autonomous mode, and shortly thereafter, the motorcyclist made contact with the Cruise AV?s front left radar, damaging the radar?s casing. There were no injuries and police were not called. The motorcyclist did not stop."
144,Cruise,Autonomous,Making Left Turn,Making Right Turn,Clear,Daylight,Rear End,"A Cruise autonomous vehicle (?Cruise AV?), operating in autonomous mode, was approaching the intersection prior to making a left turn from southbound Lyon Street onto eastbound California Street when the Cruise AV yielded to an overtaking vehicle on its left proceeding straight on southbound Lyon. Once the overtaking vehicle completed its pass, the Cruise AV attempted to continue its left turn when another vehicle directly behind the Cruise AV, attempting to turn right on California, made contact with the Cruise AV?s right rear bumper, damaging the bumper. There were no injuries and police were not called."
145,Cruise,Conventional,Stopped,Making Right Turn,Clear,Dark-Street Lights,Other,"Two Cruise autonomous vehicles (?Cruise AV 1? and ?Cruise AV 2?), both operating in conventional mode, were stopped side-by-side at the traffic light on southbound Potrero Avenue at the intersection with Alameda Street when a pedestrian in the crosswalk approached both Cruise AVs in the street. The pedestrian struck both vehicles with a foreign object, scratching the front right bumper of Cruise AV 1 and denting the front driver side door of Cruise AV 2. Both drivers of the Cruise AVs immediately drove to safer locations after the incident and contacted the police. There were no injuries. The police later took statements from both drivers of the Cruise AVs and a report was filed as SFPD incident report number 190236884."
146,Google,Conventional,Slowing/Stopping,Proceeding Straight,Clear,Daylight,Rear End,"A Waymo Autonomous Vehicle (?Waymo AV?) was traveling in manual mode when it was involved in a collision at the intersection of E. Charleston Road and San Antonio Road in Palo Alto. The Waymo AV was traveling eastbound on E. Charleston Road in manual mode when the test driver made a lane change from the middle lane to the adjacent right lane. As the test driver completed the lane change, the test driver braked before the intersection as the traffic light at San Antonio Road changed from yellow to red. A passenger vehicle then rear-ended the Waymo AV at approximately 15 MPH. The Waymo AV sustained minor damage to the passenger side of the rear bumper, and the passenger vehicle sustained minor damage to the driver side of the front bumper. No injuries were reported at the scene."
147,Cruise,Autonomous,Proceeding Straight,Proceeding Straight,Clear,Dark-Street Lights,Rear End,"A Cruise autonomous vehicle (?Cruise AV?), operating in autonomous mode, was proceeding westbound on Eddy Street at the intersection with Leavenworth Street when another vehicle made contact with the center rear bumper of the Cruise AV, damaging the Cruise AV?s left center rear bumper and radar connector.  Police were not called and no injuries were reported at the scene by either party.  Both of the Cruise AV testers sitting in passenger seats later sought medical attention for neck stiffness."
148,Cruise,Conventional,Making Left Turn,Proceeding Straight,Clear,Dark-Street Lights,Side Swipe,"A Cruise autonomous vehicle (?Cruise AV?), operating in conventional mode, was making a left turn from southeast bound 11th Street onto northeast bound Folsom Street when the driver of the Cruise AV made contact with the rear driver side door of another vehicle that was proceeding through the green light on southwest bound 11th Street, damaging both the other vehicle?s rear driver side door and wheel well and the Cruise AV?s front left bumper and wheel well.  There were no injuries and police were not called."
149,Lyft,Conventional,Stopped,Proceeding Straight,Clear,Daylight,Rear End,Proceeding Straight
150,Lyft,Conventional,Proceeding Straight,Stopped,Raining,Daylight,Head-On,"On March 6, 2019 at approximately 8:42 AM, a Lyft Autonomous Vehicle (""Lyft AV""), operating in full manual mode and heading westbound on Alma Street in Palo Alto, made a minor contact with the rear bumper of a 3rd party vehicle during rainy and wet roadway conditions. The driver of the Lyft AV applied the brakes while coming to a stop for traffic before making contact at a very low speed. The Lyft AV sustained minor damage to a front sensor and brake. The 3rd party vehicle appeared to have very minor damage to the bumper but neither driver could confirm at the time. There were no injuries reported and the police were not notified."
151,Lyft,Conventional,Backing,Parked,Clear,Daylight,Rear End,"On March 12, 2019 at approximately 4:07 pm, a Lyft Autonomous Vehicle (""Lyft AV""), operating at full manual mode, made contact at approximately 2 mph with a parked 3rd party vehicle while reversing during a multi-point turn. There was no driver or passenger present in the  3rd party vehicle. The incident occurred on Pettis Avenue near El Camino Boulevard in Mountain View, CA. Minor damage is limited to the left rear bumper area of the Lyft AV (A010) and the left rear driver's side of the 3rd party, pending further inspection. The owner of the 3rd party vehicle came outside to exchange information with the operators. No injuries were reported and the police were not notified."
152,Cruise,Conventional,Proceeding Straight,Changing Lanes,Clear,Dark-Street Lights,Side Swipe,"A Cruise autonomous vehicle (?Cruise AV?), operating in autonomous mode, was traveling eastbound on 14th Street at the intersection with Valencia Street when another vehicle began to change into the Cruise AV?s lane. The driver of the Cruise AV disengaged from autonomous mode and, shortly thereafter, the other vehicle made contact with the right front corner of the Cruise AV, damaging the Cruise AV?s right front fender. There were no injuries and police were not called."
153,Cruise,Conventional,Slowing/Stopping,Proceeding Straight,Clear,Dark-Street Lights,Rear End,"A Cruise autonomous vehicle (?Cruise AV?), operating in autonomous mode, was approaching the intersection prior to making a left turn from northbound Larkin Street onto westbound McAllister Street when the Cruise AV slowed down. The driver of the Cruise AV disengaged from autonomous mode, and shortly thereafter, another vehicle made contact with the rear bumper of the Cruise AV, damaging the Cruise AV?s right rear bumper. There were no injuries and police were not called."
154,Cruise,Autonomous,Making Right Turn,Stopped,Clear,Dark-Street Lights,Broadside,"A Cruise autonomous vehicle (?Cruise AV?), operating in autonomous mode, was traveling from southbound Steiner Street to southbound Sanchez Street via eastbound Duboce Avenue when a skateboarder traveling through the stop sign on eastbound Duboce made contact with the rear passenger door of the Cruise AV. The skateboarder left the scene without exchanging information. There were no injuries and police were not called."
155,Cruise,Autonomous,Stopped,Proceeding Straight,Cloudy,Daylight,Side Swipe,"A Cruise autonomous vehicle (?Cruise AV?), operating in autonomous mode, was stopped at a red light on northbound Franklin Street at the intersection with Bay Street when a lane-splitting  motorcycle made contact with the Cruise AV?s front right articulating radar, damaging the cover. The motorcyclist did not stop. There were no injuries and police were not called."
156,Cruise,Conventional,Proceeding Straight,Proceeding Straight,Clear,Dark-Street Lights,Broadside,"A Cruise autonomous vehicle (?Cruise AV?), operating in autonomous mode, was traveling straight through a green light northbound on Fillmore Street at the intersection with Fell Street when another vehicle, traveling westbound and violating a red light on Fell Street, came into the Cruise AV?s path. The driver of the Cruise AV disengaged from autonomous mode, and thereafter, the Cruise AV and the other vehicle made contact, damaging the other vehicle?s left rear door and the Cruise AV?s front bumper assembly, grill, and both front wheel wells. There were no injuries and police were not called."
157,Google,Autonomous,Stopped,Making Right Turn,Cloudy,Daylight,Rear End,"A Waymo Autonomous Vehicle (?Waymo AV?) in autonomous mode was yielding to check for cross traffic while in the slip lane to turn from southbound Shoreline Boulevard to westbound El Camino Real in Mountain View when it was rear-ended by a passenger vehicle at approximately 5 MPH. The Waymo AV sustained minor damage to its rear bumper, and the passenger vehicle had minor damage to its front bumper. The two Waymo AV operators reported neck/back pain but declined medical attention at the scene."
158,Cruise,Autonomous,Proceeding Straight,Proceeding Straight,Cloudy,Dusk-Dawn,Rear End,"A Cruise autonomous vehicle (?Cruise AV?), operating in autonomous mode, was about to make a left turn after stopping at the four-way stop sign on westbound Euclid Avenue at the intersection with Palm Avenue when another vehicle made contact with the rear bumper of the Cruise AV. Police were not called and no injuries were reported at the scene by either party. Two of the Cruise AV testers sitting in the driver and front passenger seats later mentioned injuries."
159,Google,Autonomous,Stopped,Making Right Turn,Cloudy,Daylight,Rear End,"A Waymo Autonomous Vehicle (?Waymo AV?) in autonomous mode was yielding to check for cross traffic while in the slip lane to turn from northbound Whisman Station Drive to southbound S. Whisman Road in Mountain View when it was rear-ended by a passenger vehicle at approximately 7 MPH. The Waymo AV sustained minor damage to its rear bumper, and the passenger vehicle had minor damage to its front bumper. There were no injuries reported at the scene.
"
160,Cruise,Autonomous,Changing Lanes,Changing Lanes,Clear,Daylight,Rear End,"A Cruise autonomous vehicle (?Cruise AV?), operating in autonomous mode, was changing lanes into the left turn lane on eastbound Geary Boulevard between 8th and 9th Avenues when the Cruise AV slowed down.  The driver of the Cruise AV disengaged from autonomous mode and, shortly thereafter, another vehicle  changing into the same lane made contact with the rear bumper of the Cruise AV, damaging the Cruise AV?s bumper.  There were no injuries and police were not called."
161,Google,Autonomous,Stopped,Proceeding Straight,Clear,Daylight,Rear End,"A Waymo Autonomous Vehicle (?Waymo AV?) in autonomous mode was stopped in traffic while in the leftmost lane on southbound San Antonio Road headed toward Charleston Road in Palo Alto when it was rear-ended by a passenger vehicle maneuvering into the Waymo AV?s lane at approximately less than 1 MPH. The Waymo AV sustained minor scratches to its rear sensor, and the passenger vehicle left the scene. There were no injuries reported at the scene.
"
162,Cruise,Autonomous,Proceeding Straight,Proceeding Straight,Clear,Daylight,Rear End,"A Cruise autonomous vehicle (?Cruise AV?), operating in autonomous mode, was traveling eastbound on Clay Street through the intersection with Van Ness Avenue when another vehicle made contact with the rear right bumper of the Cruise AV, damaging the Cruise AV?s right brake light assembly. There were no injuries and police were not called."
163,Zoox,Conventional,Slowing/Stopping,Making Left Turn,Clear,Daylight,Head-On,"A Zoox vehicle, operating in conventional mode, was coming to a stop at the Grant Ave. and Union St. intersection and traveling less than 2mph, when it was struck on its front bumper by a bicyclist. The Zoox vehicle was traveling northbound on the one-way street when the bicyclist turned left from Union St. onto Grant Ave. and rode into the Zoox vehicle. The bicyclist's left turn caused the bicyclist to travel in the wrong direction on the one-way street. After contact, the cyclist continued traveling southbound (against the one-way) on Grant Ave. despite attempts to get the bicyclist's attention in order to exchange information."
164,Cruise,Conventional,Proceeding Straight,Changing Lanes,Clear,Daylight,Side Swipe,"A Cruise autonomous vehicle (?Cruise AV?), operating in autonomous mode, was traveling in the left lane on northbound Folsom Street between 13th and 12th Streets when another vehicle changed into the Cruise AV?s lane without using its left signal. The driver of the Cruise AV disengaged from autonomous mode and, shortly thereafter, the Cruise AV and the other vehicle made contact, damaging the Cruise AV?s front right bumper, fender, and wheel well. There were no injuries and police were not called."
165,Cruise,Autonomous,Proceeding Straight,Changing Lanes,Clear,Daylight,Rear End,"A Cruise autonomous vehicle (?Cruise AV?), operating in autonomous mode, was traveling southbound on Divisadero Street between Pine and Bush Streets when another vehicle made contact with the left rear bumper of the Cruise AV, damaging the bumper and left tail light. There were no injuries and police were not called."
166,Google,Autonomous,Stopped,Proceeding Straight,Clear,Daylight,Rear End,"A Waymo Autonomous Vehicle (?Waymo AV?) was stopped in autonomous mode on the off-ramp from westbound Alma Street to southbound Oregon Expressway in Palo Alto when it was rear-ended. The Waymo AV was yielding to cross-traffic when a passenger vehicle made contact with the Waymo AV?s rear bumper at approximately 5 MPH. The Waymo AV sustained minor damage to the rear bumper, and the passenger vehicle left the scene without stopping or exchanging information. The Waymo AV driver complained of neck, back, and nose pain and was treated at the scene by emergency responders. "
167,Zoox,Conventional,Proceeding Straight,Making Left Turn,Cloudy,Daylight,Head-On,"A Zoox vehicle, operating in manual mode, was traveling southbound on Mason Street at less than 3mph when a cyclist, traveling westbound on Sutter Street at a red light, cycled into the rear end of the Zoox vehicle. 

The incident occurred when the Zoox vehicle proceeded toward the intersection of Mason and Sutter, the cyclist entered Mason Street against the one-way onto the crosswalk to pass behind the Zoox vehicle. The cyclist then clipped the left rear side of the Zoox vehicle. After contact, the cyclist did not stop to exchange information and continued traveling westbound on Sutter Street.
"
168,Cruise,Conventional,Making Left Turn,Changing Lanes,Clear,Dark-Street Lights,Side Swipe,"A Cruise autonomous vehicle (?Cruise AV?), operating in autonomous mode, was making a left turn from the leftmost lane on westbound Bush Street onto northbound Octavia Street when the Cruise AV slowed down. The driver of the Cruise AV disengaged from autonomous mode and, shortly thereafter, another vehicle clipped the Cruise AV?s right rear corner, damaging the right rear bumper cover, wheel well, and wheel. The driver of the other vehicle drove away without exchanging information. There were no injuries. Police were called but not dispatched to the scene."
169,Cruise,Conventional,Proceeding Straight,Proceeding Straight,Clear,Daylight,Rear End,"A Cruise autonomous vehicle (?Cruise AV?), operating in autonomous mode, was traveling northbound on Divisadero Street through the intersection with Fell Street when the Cruise AV slowed down. The driver of the Cruise AV disengaged from autonomous mode and, shortly thereafter, another vehicle made contact with the Cruise AV?s rear bumper, damaging the rear bumper and fascia assembly. There were no injuries and police were not called."
170,Cruise,Autonomous,Making Right Turn,Making Right Turn,Clear,Dark-Street Lights,Rear End,"A Cruise autonomous vehicle (?Cruise AV?), operating in autonomous mode, was making a right turn from northbound 10th Avenue onto eastbound California Street when another vehicle made contact with the Cruise AV?s left rear bumper, damaging the upper rear fascia and lower tail light assembly. The driver of the other vehicle drove away without exchanging information. Police were not called and no injuries were reported at the scene by either party. The Cruise AV tester sitting in the driver seat did not report injuries on the scene but later mentioned injuries.
"
171,Pony.AI,Conventional,Proceeding Straight,Stopped,Clear,Daylight,Rear End,"A Pony.AI autonomous vehicle (""Pony AV"") in autonomous mode was traveling southbound on Pine Street heading towards Cameron Hills Drive.  A passenger vehicle traveling southbound behind the Pony AV crossed the traffic line and entered the northbound lane of Pine Street in an attempt to pass the Pony AV.  The Pony AV's speed remained consistent.  After passing the Pony AV by about a quarter car length, the passenger vehicle abruptly turned back into the southbound lane of Pine Street such that it was in very close proximity to the front of the Pony AV.  The passenger vehicle then suddenly decelerated.  The Pony AV's safety driver disengaged autonomous mode and manually applied the brake.  As a result of the passenger vehicle's sudden deceleration, the Pony AV's front-left bumper made contact with the back-right bumper of the passenger vehicle causing minor scratches to both vehicles.  The safety driver of the Pony AV and the driver of the passenger vehicle stopped to exchange information.  No injuries were reported and the police were not called."
172,Cruise,Autonomous,Making Right Turn,Making Right Turn,Clear,Dark-Street Lights,Rear End,"A Cruise autonomous vehicle (?Cruise AV?), operating in autonomous mode, was making a right turn from northeast bound Bryant Street onto southeast bound 10th Street when another vehicle made contact with the Cruise AV?s left rear corner, damaging the upper left tail lamp assembly. There were no injuries and police were not called."
173,Cruise,Autonomous,Proceeding Straight,Changing Lanes,Clear,Dark-Street Lights,Rear End,"A Cruise autonomous vehicle (?Cruise AV?), operating in autonomous mode, was traveling westbound on Duboce Avenue between Guerrero Street and Market Street when another vehicle made contact with the Cruise AV?s left rear corner, damaging the lower left tail lamp assembly and left rear wheel well. There were no injuries and police were not called."
174,Cruise,Autonomous,Stopped,Making Left Turn,Clear,Daylight,Rear End,"A Cruise autonomous vehicle (?Cruise AV?), operating in autonomous mode, was traveling northbound on Grant Street between Clay and Washington Streets when another vehicle, completing a left turn from Clay onto Grant, made contact with the left rear corner of the Cruise AV, damaging the left lower tail lamp and rear fascia. The driver of the other vehicle drove away without exchanging information. There were no injuries and police were not called."
175,Cruise,Autonomous,Stopped,Passing Other Vehicle,Clear,Daylight,Rear End,"A Cruise autonomous vehicle (?Cruise AV?), operating in autonomous mode, was waiting for oncoming traffic to clear the intersection before making a left turn onto Bush Street from southbound Steiner Street when another vehicle made contact with the right rear corner of the Cruise AV, damaging the Cruise AV?s right rear fascia, bumper, and wheel well. There were no injuries and police were not called.
"
176,Google,Autonomous,Stopped,Passing Other Vehicle,Clear,Daylight,Side Swipe,"A Waymo Autonomous Vehicle (?Waymo AV?) was stopped in autonomous mode on southbound Escuela Avenue at El Camino Real in Mountain View when it was side-swiped. The Waymo AV was stopped in traffic at a red light when a passenger vehicle attempted to pass the Waymo AV on the right, and made contact with a sensor on the Waymo AV?s passenger side front fender at approximately 1 MPH. The Waymo AV?s sensor housing sustained a minor scratch, and the passenger vehicle sustained a minor scratch to its driver side mirror. There were no injuries reported at the scene. "
177,Cruise,Autonomous,Proceeding Straight,Changing Lanes,Clear,Dark-Street Lights,Rear End,"A Cruise autonomous vehicle (?Cruise AV?), operating in autonomous mode, was traveling on southeast bound 10th Street between Market and Jessie Streets when another vehicle changing into the same lane made contact with the left rear corner of the Cruise AV, damaging the Cruise AV?s left rear bumper and wheel well. There were no injuries and police were not called."
178,Pony.AI,Conventional,Stopped,Backing,Clear,Daylight,Other,"A Pony.ai autonomous vehicle (""Pony AV"") in autonomous mode was stopped at a red light at the intersection of Dixon Landing Road and California Circle. While stopped at the red light, the Pony AV's safety driver noticed that the reverse lights of the vehicle directly in front of the Pony AV (""Vehicle 2"") were on. The Pony AV's safety driver disengaged autonomous mode, observed that there were no vehicles directly behind it, and reversed 20-30 feet as a precaution. When the traffic light turned green, Vehicle 2 accelerated while still in reverse toward the Pony AV.  Vehicle 2 came to a complete stop about 4 feet from the Pony AV's front bumper. After about 2 seconds, however, Vehicle 2 continued to reverse in the direction of the Pony AV, resulting in contact between the two vehicles. The contact caused minor scratches to both vehicles. The Pony AV's safety driver and the driver of Vehicle 2 pulled over at a nearby parking lot and exchanged information. There were no injuries reported and the police were not called."
179,Cruise,Conventional,Proceeding Straight,Changing Lanes,Clear,Dark-Street Lights,Side Swipe,"A Cruise autonomous vehicle (?Cruise AV?), operating in autonomous mode, was traveling eastbound on 14th Street at the intersection with Valencia Street when another vehicle began to change into the Cruise AV?s lane. The driver of the Cruise AV disengaged from autonomous mode and, shortly thereafter, the other vehicle made contact with the right front corner of the Cruise AV, damaging the Cruise AV?s right front fender. There were no injuries and police were not called."
180,Google,Conventional,Stopped,Proceeding Straight,Clear,Daylight,Rear End,"A Waymo Autonomous Vehicle (?Waymo AV?) was stopped in manual mode on southbound Central Expressway approaching Thompson Avenue in Mountain View when it was rear-ended. The Waymo AV was stopped in traffic when a passenger vehicle made contact with a sensor on the Waymo AV?s rear bumper at approximately less than 1 MPH. The Waymo AV?s sensor sustained minor damage, and the passenger vehicle left the scene without exchanging information. There were no injuries reported at the scene. 
"
181,Cruise,Conventional,Proceeding Straight,Changing Lanes,Clear,Daylight,Rear End,"A Cruise autonomous vehicle (?Cruise AV?), operating in autonomous mode, was traveling westbound on Fell Street between Webster and Fillmore Streets when the Cruise AV began to yield to traffic in the left adjacent lane. The driver of the Cruise disengaged from autonomous mode, and shortly thereafter, another vehicle changing into the same lane made contact with the right rear corner of the Cruise AV, damaging the Cruise AV?s rear hatch and window and right rear body and fascia. There were no injuries and police were not called. "
182,Cruise,Conventional,Proceeding Straight,Proceeding Straight,Clear,Dark-Street Lights,Rear End,"A Cruise autonomous vehicle (?Cruise AV?), operating in autonomous mode, was traveling southwest bound on Mission Street between 1st
and 2nd Streets when the Cruise AV slowed down. The driver of the Cruise AV disengaged from autonomous mode and, shortly thereafter,
another vehicle made contact with the right rear corner of the Cruise AV, damaging the Cruise AV?s right rear bumper, fender, and hatch.
There were no injuries and police were not called."