No.,Business_Name,Pre_Crash_Mode,AV,OtherVeh,Weather,Lighting,Collision_Type,Damage_Detail
183,Cruise,Conventional,Proceeding Straight,Parking Manuever,Clear,Daylight,Broadside,"A Cruise autonomous vehicle (?Cruise AV?) being driven in conventional mode was involved in a collision while traveling in a private parking lot on the north side of Market Street near the intersection of Duboce Avenue and Church Street. While the driver of the Cruise AV was proceeding towards the parking lot exit, another vehicle reversing out of its perpendicular parking spot made contact with the front right side of the Cruise AV. Police were not called and no injuries were reported at the scene by either party. The Cruise AV tester sitting in the front passenger seat later mentioned a back injury."
184,Cruise,Conventional,Parking Manuever,Parked,Clear,Daylight,Rear End,"A Cruise autonomous vehicle (?Cruise AV?) being driven in conventional mode was involved in a collision while traveling on eastbound Jackson Street between Stockton Street and Grant Avenue. While pulling out of a parking spot on Jackson, the driver of the Cruise AV made contact with another vehicle parked in front of it, damaging the Cruise AV?s front bumper assembly, left headlamp assembly, and left front radar. There were no injuries and police were not called."
185,Zoox,Conventional,Stopped,Proceeding Straight,Clear,Dark-Street Lights,Side Swipe,"The Zoox vehicle, traveling southbound on Hyde St. at the Union St. intersection, was in conventional mode and waiting (stationary) to make the left turn from Hyde St. onto Union St. The Zoox vehicle had stopped to yield to an oncoming truck. The truck continued northbound on Hyde Street, and as it passed the Zoox vehicle, its driver-side mirror grazed the driver-side mirror of the Zoox vehicle."
186,Cruise,Conventional,Proceeding Straight,Proceeding Straight,Clear,Daylight,Rear End,"A Cruise autonomous vehicle (?Cruise AV?), operating in autonomous mode, was traveling northbound on Leavenworth Street between Geary and Post Streets when another vehicle changed from the right adjacent lane to ahead of the Cruise AV without using its left signal. The driver of the Cruise AV disengaged from autonomous mode and, shortly thereafter, a second vehicle made contact with the rear bumper of the Cruise AV, damaging the Cruise AV?s rear bumper mounting bracket. Police were not called and no injuries were reported at the scene by either party. The Cruise AV tester sitting in the driver?s seat later mentioned neck pain."
187,Cruise,Autonomous,Stopped,Entering Traffic,Clear,Daylight,Rear End,"A Cruise autonomous vehicle (?Cruise AV?), operating in autonomous mode, was traveling eastbound on 24th Street between Noe and Sanchez Streets when the Cruise AV yielded to a jaywalking pedestrian and for clearance to maneuver around a double-parked vehicle immediately ahead of it. While the Cruise AV waited, another vehicle pulling out of a driveway and into the Cruise AV?s lane made contact with the left rear corner of the Cruise AV, damaging the Cruise AV?s left rear bumper, fender, and radar. There were no injuries and police were not called."
188,Google,Autonomous,Slowing/Stopping,Stopped,Clear,Daylight,Broadside,"A Waymo Autonomous Vehicle (?Waymo AV?) was stopped in autonomous mode on southbound N. Shoreline Boulevard at W. Middlefield Road in Mountain View when a bicyclist made contact with the side of the Waymo AV. The Waymo AV was traveling in the far right lane on N. Shoreline Boulevard and slowing for a red light at W. Middlefield Road, when a bicyclist began to cross all lanes of traffic from the east side of N. Shoreline Boulevard to the west side of the boulevard, in a diagonal manner, against the flow of traffic. As the bicyclist approached the Waymo AV, the Waymo AV began braking for the bicyclist. As the Waymo AV came to a stop, the bicyclist then made contact with the driver?s side rear quarter panel of the Waymo AV at approximately 8 MPH. The Waymo AV sustained minor scratches to the driver?s side rear taillight, and the bicyclist, remaining upright, appeared to sustain no damage or injuries as they cycled away from the scene without exchanging information."
189,Google,Autonomous,Merging,Proceeding Straight,Clear,Daylight,Rear End,"A Waymo Autonomous Vehicle (?Waymo AV?) was in autonomous mode on the off-ramp from eastbound Alma Street to southbound Oregon Expressway in Palo Alto when it was rear-ended. The Waymo AV was traveling approximately less than 1 MPH and yielding to cross-traffic when a passenger vehicle made contact with the Waymo AV?s rear bumper at approximately 5 MPH. The Waymo AV sustained minor damage to the rear bumper, and the passenger vehicle sustained minor damage to its front bumper. There were no injuries reported at the scene. "
190,Cruise,Conventional,Slowing/Stopping,Making Left Turn,Clear,Dark-Street Lights,Broadside,"A Cruise autonomous vehicle (?Cruise AV?), operating in autonomous mode, was traveling northbound on Noe Street at the intersection with 14th Street when the Cruise AV yielded to a pedestrian in the north crosswalk. The driver of the Cruise AV disengaged from autonomous mode, and shortly thereafter, another vehicle attempting a left turn from southbound Noe onto eastbound 14th made contact with the left rear corner of the Cruise AV, damaging the Cruise AV?s left rear fascia and wheel well. There were no injuries reported at the scene by either party and police were not called. 
"
191,Google,Autonomous,Proceeding Straight,Proceeding Straight,Clear,Daylight,Rear End,"A Waymo Autonomous Vehicle (?Waymo AV?) was in autonomous mode on northbound S. Rengstorff Avenue at Crisanto Avenue in Mountain View when it was rear-ended. After starting to proceed following a red-to-green traffic light change, the Waymo AV yielded to a bicyclist who merged from the bike lane into the Waymo AV?s travel lane, and a passenger vehicle then made contact with the rear bumper of the Waymo AV. The passenger vehicle was traveling at approximately 8 MPH, and the Waymo AV was traveling at approximately 3 MPH. The Waymo AV sustained minor damage to its rear bumper, and the passenger vehicle sustained minor damage to its front bumper. There were no injuries reported at the scene."
192,Google,Conventional,Stopped,Proceeding Straight,Clear,Daylight,Rear End,"A Waymo Autonomous Vehicle (?Waymo AV?) was stopped in manual mode in the sliplane from southbound Page Mill Road to northbound Oregon Expressway in Palo Alto when it was rear-ended. The Waymo AV test driver was yielding to approaching traffic when a passenger vehicle made contact with the Waymo AV?s rear bumper at approximately 12 MPH. The Waymo AV sustained minor damage to its rear bumper, and the passenger vehicle sustained minor damage to its front bumper. The Waymo AV test driver and co-driver both reported head and neck pain, but declined medical treatment at the scene. No other injuries were reported. "
193,Cruise,Autonomous,Proceeding Straight,Changing Lanes,Clear,Daylight,Rear End,"A Cruise autonomous vehicle (?Cruise AV?), operating in autonomous mode, was traveling westbound on Geary Boulevard between 32nd and 33rd Avenues when another vehicle, traveling in the right adjacent lane, changed into the same lane as the Cruise AV and made contact with the right rear corner of the Cruise AV, damaging the Cruise AV?s right rear fascia and bumper. There were no injuries and police were not called."
194,Cruise,Conventional,Slowing/Stopping,Proceeding Straight,Clear,Dark-Street Lights,Rear End,"A Cruise autonomous vehicle (?Cruise AV?), operating in autonomous mode, was traveling westbound on Division Street between Potrero Avenue and Bryant Street when the Cruise AV slowed down in the right turn lane. The driver of the Cruise AV disengaged from autonomous mode, and shortly thereafter, an electric scooterist traveling in the same lane made contact with the rear bumper and fascia of the Cruise AV. The scooterist reported injuries and emergency services and the police arrived at the scene. SFPD incident report number 190633860 was not available at the time of filing of this report."
195,Cruise,Conventional,Proceeding Straight,Proceeding Straight,Clear,Daylight,Broadside,"A Cruise autonomous vehicle (?Cruise AV?) being driven in conventional mode was involved in a collision after completing a right turn from southwest bound Market Street onto westbound Haight Street at the intersection with Gough Street. As the driver of the Cruise AV proceeded on Haight through Gough, a motor scooterist, proceeding southbound on Gough through the intersection with Haight, made contact with the right rear passenger door of the Cruise AV, denting the door. There were no injuries reported at the scene by either party. Police were called but not dispatched to the scene. Days after the collision, the motor scooterist reported injuries."
196,Cruise,Autonomous,Stopped,Making Left Turn,Clear,Daylight,Rear End,"A Cruise autonomous vehicle (?Cruise AV), operating in autonomous mode, was yielding to oncoming traffic prior to making a left turn onto northbound Palm Avenue from eastbound Geary Boulevard when another vehicle made contact with the rear bumper of the Cruise AV. There were no injuries reported at the scene by either party and police were not called. The Cruise AV tester sitting in the front passenger seat later mentioned neck pain."
197,Google,Autonomous,Stopped,Backing,Clear,Daylight,Broadside,"A Waymo Autonomous Vehicle (?Waymo AV?) was stopped in autonomous mode in a grocery store parking lot in Los Altos when a passenger vehicle reversed into it. Three passengers were exiting the Waymo AV when the passenger vehicle in the right adjacent parking spot began to reverse out of the parking spot and made contact with the Waymo AV?s passenger side rear quarter panel at approximately 1 MPH. The Waymo AV sustained minor damage to its passenger side sliding rear door and rear quarter panel, and the passenger vehicle sustained minor damage to its rear bumper. No injuries were reported. "
200,Cruise,Conventional,Slowing/Stopping,Proceeding Straight,Clear,Daylight,Broadside,"A Cruise autonomous vehicle (?Cruise AV?), operating in autonomous mode, was traveling eastbound on Clay Street at the intersection with Kearny Street when the Cruise AV slowed down. The driver of the Cruise AV disengaged from autonomous mode and, shortly thereafter, a bicyclist proceeding straight on northbound Kearny Street made contact with the right rear fender of the Cruise AV, damaging its fender. The bicyclist left the scene without exchanging information. There were no injuries and police were not called."
201,Cruise,Autonomous,Slowing/Stopping,Changing Lanes,Clear,Daylight,Side Swipe,"A Cruise autonomous vehicle (?Cruise AV?), operating in autonomous mode, was traveling northeast bound on Bryant Street between 11th and 10th Streets when the Cruise AV yielded to a parallel parking vehicle ahead on the right. Shortly thereafter, a lane-splitting electric scooterist attempting to change lanes made contact with the left rear corner of the Cruise AV. There were no injuries reported at the scene by either party and police were not called. The electric scooterist later reported injuries."
202,Google,Autonomous,Stopped,Proceeding Straight,Clear,Daylight,Rear End,"A Waymo Autonomous Vehicle (?Waymo AV?) was stopped in autonomous mode in traffic at a red light on southbound Rengstorff Avenue at Central Expressway in Mountain View when it was rear-ended by a passenger vehicle. The passenger vehicle made contact with the Waymo AV?s rear bumper at approximately 1 MPH. The Waymo AV sustained minor damage to its rear bumper, and the passenger vehicle sustained minor damage to its front bumper. No injuries were reported. "
203,Zoox,Autonomous,Proceeding Straight,Proceeding Straight,Clear,Daylight,Rear End,"The stationary Zoox vehicle was in autonomous mode heading northbound on Union St. Contact occurred when the Zoox vehicle was stopped at a stop sign at the intersection of Union St. and Grant St., when it was rear-ended by an electric scooter. The scooter was following closely behind the Zoox vehicle and the scooter driver was not focused on the Zoox vehicle in front of it, when the scooter's front tire made contact with the rear bumper of the Zoox vehicle.  There were no injuries. "
204,Cruise,Conventional,Changing Lanes,Proceeding Straight,Clear,Daylight,Rear End,"A Cruise autonomous vehicle (?Cruise AV?), operating in autonomous mode, was traveling southeast bound on Spear Street between Howard and Folsom Streets when the Cruise AV slowed down to change into the right adjacent lane due to traffic cones ahead. The driver of the Cruise AV disengaged from autonomous mode and, shortly thereafter, a lane-splitting car made contact with the right rear corner of the Cruise AV, damaging the Cruise AV?s right lower tail lamp. The driver of the other vehicle drove away without exchanging information. There were no injuries reported. Police were called but were not dispatched to the scene."
205,Zoox,Autonomous,Stopped,Proceeding Straight,Clear,Daylight,Rear End,"The stationary Zoox vehicle was in autonomous mode at the stop sign on Polk St. heading northbound towards Green St. The Zoox vehicle moved forward slightly, then slowed down in caution to a pedestrian on its left and potential oncoming vehicles when the driver of the vehicle behind the Zoox vehicle made contact with the rear bumper of the Zoox vehicle.  There were no injuries."
206,Google,Autonomous,Stopped,Making Right Turn,Clear,Dark-Street Lights,Rear End,"A Waymo Autonomous Vehicle (?Waymo AV?) was stopped in autonomous mode on westbound Cuesta Drive at S. San Antonio Road in Los Altos when it was rear-ended.  The Waymo AV was preparing to make a right-on-red from Cuesta Drive onto northbound S. San Antonio Road and was yielding to cross-traffic when a passenger vehicle made contact with the Waymo AV's rear bumper at approximately 3 MPH. The Waymo AV sustained minor damage to its rear bumper, and the passenger vehicle sustained no damage to its front bumper. No injuries were reported. "
207,Google,Autonomous,Stopped,Making Right Turn,Clear,Daylight,Rear End,"A Waymo Autonomous Vehicle (?Waymo AV?) was stopped in autonomous mode on northbound Distel Drive at El Camino Real in Los Altos when it was rear-ended. The Waymo AV was preparing to make a right-on-red from Distel Drive onto eastbound El Camino Real and was yielding to cross-traffic when a passenger vehicle made contact with the Waymo AV?s rear bumper at approximately 1 MPH. The Waymo AV sustained minor damage to its rear bumper, and the passenger vehicle sustained minor damage to its front bumper. No injuries were reported. "
208,Cruise,Autonomous,Stopped,Changing Lanes,Fog/Visibility,Dark-Street Lights,Rear End,"A Cruise autonomous vehicle (?Cruise AV?), operating in autonomous mode, was stopped at a red light on southbound Hyde Street at the intersection with Sutter Street when another vehicle behind the Cruise AV attempted to change into the right adjacent lane and made contact with the right rear corner of the Cruise AV, damaging the Cruise AV?s right rear radar and assembly. There were no injuries and police were not called."
209,Google,Autonomous,Stopped,Proceeding Straight,Clear,Daylight,Rear End,"A Waymo Autonomous Vehicle (?Waymo AV?) was stopped in autonomous mode on the interchange from eastbound Alma Street merging onto southbound Oregon Expressway in Palo Alto when it was rear-ended. The Waymo AV was yielding to cross-traffic when a passenger vehicle made contact with the Waymo AV?s rear bumper at approximately 8 MPH. The Waymo AV sustained minor damage to the rear bumper, and the passenger vehicle sustained minor damage to its front bumper. There were no injuries reported at the scene; the Waymo test driver later reported dizziness but declined medical attention. "
210,Google,Conventional,Parked,Backing,Clear,Daylight,Rear End,"A Waymo Autonomous Vehicle (?Waymo AV?) was parked in manual mode in a coffee shop parking lot in Palo Alto when a passenger vehicle reversed into it. The Waymo AV was unattended when a passenger vehicle made contact with the Waymo AV?s rear bumper at approximately 2 MPH. The Waymo AV sustained minor damage to the rear bumper, and the passenger vehicle left the scene without exchanging information."
211,Cruise,Conventional,Proceeding Straight,Proceeding Straight,Clear,Daylight,Rear End,"A Cruise autonomous vehicle (?Cruise AV?), operating in autonomous mode, was traveling southeast bound on The Embarcadero near the intersection with Battery Street when the Cruise AV yielded to another vehicle in the left adjacent lane that encroached into the Cruise AV?s lane. The driver of the Cruise AV disengaged from autonomous mode and, shortly thereafter, a second vehicle behind the Cruise AV made contact with the rear bumper of the Cruise AV, damaging the Cruise AV?s right rear bumper, fascia, signal lamp, and radar assembly. There were no injuries reported at the scene by either party and police were not called. Both of the Cruise AV test operators later mentioned neck and back injuries."
212,Cruise,Conventional,Parking Manuever,Parking Manuever,Clear,Daylight,Rear End,"A Cruise autonomous vehicle (?Cruise AV?) being driven in conventional mode was involved in a collision while traveling in a private parking lot on the block located between Marina Boulevard and North Point Street on the north and south boundaries and Buchanan and Laguna Streets on the west and east boundaries, respectively. While the driver of the Cruise AV reversed out of its diagonal parking spot, another vehicle simultaneously reversing out of its diagonal parking spot on the other side made contact with the right rear corner of the Cruise AV, damaging the Cruise AV?s right rear tail lamp assembly. There were no injuries and police were not called."
213,Google,Autonomous,Stopped,Proceeding Straight,Clear,Daylight,Rear End,"A Waymo Autonomous Vehicle (?Waymo AV?) was in autonomous mode and beginning to proceed at a green traffic light to turn left from northbound Castro Street to northbound Central Expressway in Mountain View when it was rear-ended at approximately 6 MPH by a passenger vehicle. The Waymo AV sustained minor damage to the rear bumper, and the passenger vehicle left the scene without exchanging information. There were no injuries reported at the scene."
214,Google,Autonomous,Parked,Proceeding Straight,Clear,Dusk-Dawn,Rear End,"A Waymo Autonomous Vehicle (?Waymo AV?) was stopped in autonomous mode in the slip lane from southbound Whisman Station Drive to northbound Central Expressway in Mountain View when it was rear-ended. The Waymo AV was yielding to approaching traffic when a passenger vehicle made contact with the Waymo AV?s rear bumper at approximately 11 MPH. The Waymo AV sustained minor damage to its rear bumper, and the passenger vehicle sustained minor damage to its front bumper. The Waymo AV test driver and Waymo passenger in the vehicle both reported neck pain, but declined medical treatment at the scene. No other injuries were reported."
215,Cruise,Conventional,Proceeding Straight,Stopped,Clear,Daylight,Side Swipe,"A Cruise autonomous vehicle (?Cruise AV?), operating in autonomous mode, was traveling southeast bound on Howard Street near the intersection with 9th Street when a bicyclist in the right adjacent dedicated bike lane veered away from a wayward pedestrian throwing an unknown object in the bicyclist's direction in the crosswalk. The driver of the Cruise AV disengaged from autonomous mode and, shortly thereafter, the bicyclist veered into the Cruise AV's lane and made contact with the right front passenger door of the Cruise AV. No injuries were reported at the scene by either party. Police were called but not dispatched to the scene. The bicyclist later reported injuries."
216,Cruise,Autonomous,Stopped,Proceeding Straight,Clear,Dark-Street Lights,Rear End,"A Cruise autonomous vehicle (?Cruise AV?), operating in autonomous mode, was traveling eastbound in a channelized lane on Beach Street near the intersection with The Embarcadero when it stopped at the traffic light and another vehicle behind the Cruise AV made contact with its rear bumper. There were no injuries reported at the scene by either party and police were not called. The Cruise AV test operators sitting in the driver?s seat and in the backseat later mentioned back pain."
217,Google,Conventional,Stopped,Proceeding Straight,Clear,Dark-Street Lights,Rear End,"A Waymo Autonomous Vehicle (?Waymo AV?) was stopped in manual mode on the interchange from eastbound Alma Street about to merge onto southbound Oregon Expressway in Palo Alto when it was rear-ended. The Waymo AV was yielding to cross-traffic when a passenger vehicle made contact with the Waymo AV?s rear bumper at approximately 1 MPH. The Waymo AV sustained minor damage to the rear bumper, and the passenger vehicle sustained no damage. There were no injuries reported at the scene. "
218,Cruise,Conventional,Slowing/Stopping,Proceeding Straight,Clear,Dark-Street Lights,Broadside,"A Cruise autonomous vehicle (?Cruise AV?), operating in autonomous mode, was traveling eastbound on 24th Street at the intersection with Mission Street when the Cruise AV yielded to an electric scooterist traveling northbound on Mission Street and violating a red light. The driver of the Cruise AV disengaged from autonomous mode and, shortly thereafter, the electric scooterist made contact with the right rear corner of the Cruise AV, damaging the Cruise AV?s right rear fascia and brake light. The electric scooterist left the scene without exchanging information. There were no injuries and police were not called."
219,Cruise,Autonomous,Proceeding Straight,Changing Lanes,Clear,Dark-Street Lights,Rear End,"A Cruise autonomous vehicle (?Cruise AV?), operating in autonomous mode, was traveling southwest bound on King Street between 2nd and 3rd Streets when the Cruise AV slowed down. Shortly thereafter, another vehicle, changing into the Cruise AV?s lane from the right adjacent lane, made contact with the right rear corner of the Cruise AV, damaging the Cruise AV?s right rear fascia and a radar mounting bracket. The driver of the other vehicle left the scene without exchanging information. There were no injuries and police were not called.
"
220,Cruise,Conventional,Slowing/Stopping,Passing Other Vehicle,Clear,Daylight,Side Swipe,"A Cruise autonomous vehicle (?Cruise AV?), operating in autonomous mode, was traveling southeast bound on 11th Street between Howard and Folsom Streets when the Cruise AV slowed down for a passing motorcyclist behind it. The driver of the Cruise AV disengaged from autonomous mode and, shortly thereafter, the motorcyclist made contact with the left rear corner of the Cruise AV. The collision resulted in damage to both the Cruise AV and the motorcycle. There were no injuries and police were not called."
221,Cruise,Conventional,Parked,Proceeding Straight,Clear,Dark-Street Lights,Side Swipe,"A Cruise autonomous vehicle (?Cruise AV?) was involved in a collision while parked in conventional mode on the westbound side of Vallejo Street near the intersection with Polk Street. While the Cruise AV was parked parallel to the curb on the street, another vehicle traveling westbound on Vallejo in the left adjacent traffic lane sideswiped and made contact with the left side of the Cruise AV and the parked vehicle in front of the Cruise AV, damaging the Cruise AV?s driver?s side mirror, camera, articulating radar assembly, and doors. The driver of the other vehicle left the scene without exchanging information. There were no injuries and police were not called. 
"
222,Cruise,Conventional,Slowing/Stopping,Stopped,Clear,Daylight,Un,"A Cruise autonomous vehicle (?Cruise AV?) being driven in conventional mode was involved in a collision while traveling eastbound on 13th Street near the intersection with Bryant Street. While pulling up behind another vehicle in the left turn lane, the driver of the Cruise AV accelerated and made contact with the other vehicle?s right rear bumper, damaging the Cruise AV?s front right headlight, front center radar, and radar assembly. There were no injuries and police were not called."
223,Lyft,Conventional,Proceeding Straight,Stopped,Clear,Daylight,Side Swipe,"On November 19, 2019 at approximately 2:04pm in clear weather, a Lyft Autonomous Vehicle (?Lyft AV?) was travelling at 29.6mph in autonomous mode northbound in the right lane on El Camino Real Blvd in Palo Alto, CA when the Safety Driver commanded manual mode with steering and brake inputs in immediate reaction to the third party vehicle in the adjacent center lane abruptly cutting in to the AV's lane, apparently attempting to make a last-second right turn onto Medical Foundation Drive.  Approximately 1.5 seconds later, the third party vehicle collided with AV which was then travelling at 14mph. The third party passenger vehicle made contact with the Lyft AV?s front left lidar sensor and the driver side fender.  Damage was limited to the third party?s passenger side door and passenger side fender, and the Lyft AV?s front bumper, left bumper lidar sensor and driver side fender. No injuries were reported and law enforcement was not called.
"
224,Zoox,Conventional,Making Left Turn,Proceeding Straight,Clear,Dark-Street Lights,Head-On,"The Zoox vehicle(1) was in conventional mode traveling southbound on 5th Street and making a protected left turn with green arrow onto
Folsom Street. The other party's vehicle(2), while being pursued by members of the San Francisco Police Department, illegally entered the
intersection from the opposite direction of travel on 5th Street at a high rate of speed and collided with the front/driver's side corner of the
Zoox vehicle(1). The force of the impact deployed all front airbags of the Zoox vehicle(1). Both occupants of the Zoox vehicle(1)
complained of minor injuries, but declined ambulance transportation"
225,Cruise,Autonomous,Making Right Turn,Making Right Turn,Clear,Dark-Street Lights,Rear End,"A Cruise autonomous vehicle (?Cruise AV?), operating in autonomous mode, was making a right turn from eastbound California Street onto southbound Hyde Street when another vehicle made contact with the Cruise AV?s rear bumper, damaging the rear fascia and the rear center radars. There were no injuries reported at the scene by either party and police were not called. Days after the collision, the Cruise AV test operator sitting in the driver's seat reported injuries. [originally filed 12/4/2019, amended 12/16/2019]"
226,Cruise,Conventional,Proceeding Straight,Proceeding Straight,Clear,Daylight,Rear End,"A Cruise autonomous vehicle (?Cruise AV?), operating in autonomous mode, was traveling southeast bound on The Embarcadero at the intersection with Washington Street when the Cruise AV slowed down. The driver of the Cruise AV disengaged from autonomous mode and, shortly thereafter, another vehicle made contact with the rear bumper of the Cruise AV, damaging the Cruise AV?s rear fascia assembly and radars. There were no injuries reported at the scene by either party and police were not called. Both of the Cruise AV test operators later mentioned neck and back pain."
227,Cruise,Autonomous,Stopped,Stopped,Clear,Daylight,Rear End,"A Cruise autonomous vehicle (?Cruise AV?), operating in autonomous mode, was stopped at a 4-way stop on southbound 30th Avenue at the intersection with California Street when another vehicle made contact with the Cruise AV?s rear bumper, damaging the rear fascia and rear center radar assembly of the Cruise AV. There were no injuries and police were not called."
228,Cruise,Conventional,Parking Manuever,Parking Manuever,Clear,Daylight,Rear End,"A Cruise autonomous vehicle (?Cruise AV?) being driven in conventional mode was involved in a collision on Delancey Street south of the intersection with Brannan Street. While the driver of the Cruise AV was reversing out of its perpendicular parking spot on Delancey, another vehicle simultaneously reversing out of its perpendicular parking spot on the opposite side of the street made contact with the rear bumper of the Cruise AV, damaging the Cruise AV?s left tail lamp assembly and rear fascia. There were no injuries reported at the scene by either party and police were not called. Days after the collision, both of the Cruise AV test operators reported injuries."
229,Cruise,Autonomous,Proceeding Straight,Changing Lanes,Clear,Daylight,Rear End,"A Cruise autonomous vehicle (?Cruise AV?) operating in autonomous mode, was traveling northbound on Leavenworth Street at the intersection with Post Street when the Cruise AV yielded to a public transit bus changing into the Cruise AV?s lane from the right adjacent lane. The driver of the Cruise AV disengaged from autonomous mode and, shortly thereafter, another vehicle made contact with the left rear corner of the Cruise AV, damaging the Cruise AV?s left rear fascia and the other vehicle?s right front fascia. There were no injuries and police were not called."
230,Zoox,Conventional,Proceeding Straight,Changing Lanes,Cloudy,Daylight,Side Swipe,"On December 19, 2019 at approximately 9:44AM, a Zoox vehicle operating in manual mode was struck on the passenger side fender by a bus. The Zoox vehicle was traveling north on Kearny in the right most lane when the bus attempted to lane change in front of the Zoox vehicle, impacting its front passenger side sensors and fender. The bus was traveling less than 2mph when it hit the Zoox vehicle, which was stopped. There were no injuries."
231,Google,Conventional,Stopped,Proceeding Straight,Clear,Daylight,Rear End,"A Waymo Autonomous Vehicle (?Waymo AV?) was stopped in manual mode in the slip lane from southbound Whisman Station Drive to northbound Central Expressway in Mountain View when it was rear-ended. The Waymo AV test driver was yielding to approaching traffic when a passenger vehicle made contact with the Waymo AV?s rear bumper at approximately 2 MPH. The Waymo AV sustained minor damage to its rear bumper, and the passenger vehicle sustained minor damage to its front bumper. No injuries were reported at the scene."
232,Zoox,Conventional,Making Right Turn,Proceeding Straight,Cloudy,Daylight,Rear End,"On December 20, 2019 at approximately 9:00AM, a stationary Zoox vehicle operating in manual mode was struck on its rear drivers' side by another vehicle traveling <10mph. The Zoox vehicle was traveling north on Kearny making a right onto Jackson. The Zoox vehicle was stopped while yielding to a pedestrian crossing Jackson. The vehicle directly behind the Zoox vehicle drove around the left side of the Zoox vehicle in an attempt to pass, clipping the left rear sensors with it's passenger side side-view mirror. There were no injuries."
233,Cruise,Conventional,Proceeding Straight,Passing Other Vehicle,Clear,Dusk-Dawn,Side Swipe,"A Cruise autonomous vehicle (?Cruise AV?), operating in autonomous mode, was traveling southbound on Stanyan Street at the intersection with Beulah Street when a lane-encroaching municipal city bus in the right adjacent lane attempted to pass the Cruise AV. The driver of the Cruise AV disengaged from autonomous mode and, shortly thereafter, the city bus made contact with the right side of the Cruise AV, damaging the Cruise AV?s right articulating radar casing. There were no injuries. Police were called but not dispatched to the scene."
234,Cruise,Conventional,Parked,Parking Manuever,Clear,Daylight,Head-On,"A Cruise autonomous vehicle (?Cruise AV?) being driven in conventional mode was involved in a collision on eastbound Clement Street between 24th and 25th Avenues. While the Cruise AV was parked parallel to the curb on the street, another vehicle reversing out of its parallel parking spot made contact with the front bumper of the Cruise AV, damaging the Cruise AV?s front center radar bracket assembly. There were no injuries and police were not called."
235,Google,Autonomous,Stopped,Proceeding Straight,Clear,Daylight,Rear End,"A Waymo Autonomous Vehicle (?Waymo AV?) was stopped in autonomous mode in the slip lane from westbound Nita Avenue to northbound San Antonio Road in Palo Alto when it was rear-ended. The Waymo AV was yielding to approaching traffic when a commercial box truck made contact with the Waymo AV?s rear bumper at approximately 3 MPH. The Waymo AV sustained minor damage to its rear bumper, and the commercial box truck left without exchanging information. Waymo contacted the Palo Alto Police Department and a police report was filed. No injuries were reported at the scene."
236,Zoox,Conventional,Stopped,Backing,Clear,Daylight,Backing,"A Zoox vehicle was parked with hazard lights blinking while in manual mode on Green St. facing east towards Varennes St. A car reversed from a horizontal parking spot of the oncoming lane and made contact with the rear left corner of the Zoox Vehicle, damaging the sensors. Police were not called."
237,Cruise,Conventional,Making Left Turn,Unknown,Clear,Daylight,Hit Object,"A Cruise autonomous vehicle (?Cruise AV?) being driven in conventional mode was involved in a single-car collision on northbound Clipper Street near the intersection with westbound Portola Drive. While the driver of the Cruise AV began to turn left onto Portola, the driver made contact with the traffic island, damaging the Cruise AV?s front left wheel assembly. There were no injuries and police were not called."