No.,Business_Name,Pre_Crash_Mode,AV,OtherVeh,Weather,Lighting,Collision_Type,Damage_Detail
289,Google,Conventional,Proceeding Straight,Parked,Clear,Dark-Street Lights,Side Swipe,"A Waymo Autonomous Vehicle (?Waymo AV?) traveling northbound on Spruce Street approaching Euclid Avenue in San Francisco was involved in a collision. The Waymo AV had been traveling in autonomous mode on Spruce Street when the Waymo AV test driver disengaged autonomous mode. Approximately 6 seconds after the disengagement, the Waymo AV?s passenger side rearview mirror made contact with an unattended parked passenger vehicle?s driver side rearview mirror at approximately 15 MPH. The Waymo AV sustained minor damage to its passenger side rearview mirror, and the passenger vehicle sustained minor damage to its driver side rearview mirror. No injuries were reported. The Waymo AV test driver left insurance information with the parked vehicle."
290,Google,Autonomous,Slowing/Stopping,Proceeding Straight,Raining,Dark-Street Lights,Rear End,"A Waymo Autonomous Vehicle (?Waymo AV?) traveling eastbound in autonomous mode on Oakdale Avenue approaching Industrial Street in San Francisco was involved in a collision. The Waymo AV was coming to a stop at a stop sign intersection on Oakdale Avenue at Industrial Street when a passenger vehicle behind the Waymo AV made contact with the Waymo AV?s rear bumper at approximately 20 MPH. The Waymo AV was traveling approximately 1 MPH. The Waymo AV sustained minor damage to its rear bumper, and the passenger vehicle sustained minor damage to its front bumper. No injuries were reported at the scene; the Waymo AV test driver sought medical attention from urgent care the following day."
291,Cruise,Conventional,Making Left Turn,Unknown,Raining,Dark-Street Lights,Hit Object,"A Cruise autonomous vehicle (?Cruise AV?) operating in manual mode was traveling southwest on Folsom Street. When the Cruise AV was turning right onto Fremont Street, it made contact with the curb at the front passenger tire. This caused damage to the front right tire of the Cruise AV. There were no other vehicles or property involved. There were no injuries and the police were not called."
292,Cruise,Autonomous,Stopped,Proceeding Straight,Clear ,Daylight,Rear End,"A Cruise autonomous vehicle (""Cruise AV""), operating in autonomous mode, was facing west and stopped for a red light at the intersection of Duboce and Guerrero Streets. Before the Cruise AV started to proceed for the green light, contact was made to the rear bumper of the Cruise AV by a BMW traveling behind the AV. The contact caused minimal damage to the rear bumper of the Cruise AV. There were no injuries and the police were not called."
293,Zoox,Conventional,Stopped,Proceeding Straight,Raining,Daylight,Rear End,"A Zoox vehicle was making a right lane change in manual mode on Folsom St between 4th and Mahini St., when a passenger vehicle continuing straight made contact with the left rear bumper of the Zoox vehicle. There were no injuries and police were not called. "
294,Google,Conventional,Backing,Stopped,Cloudy,Daylight,Other,"A Waymo Autonomous Vehicle (?Waymo AV?) traveling northbound on Church Street at 21st Street in San Francisco was involved in a collision. While stopped in autonomous mode, the Waymo AV switched to reverse gear in preparation for making a multipoint turn, just as the test driver disengaged by applying the accelerator pedal. The Waymo AV made contact with a passenger vehicle behind it at approximately 3 MPH. The Waymo AV sustained minor damage to its rear bumper, and the passenger vehicle sustained minor damage to its front bumper. No injuries were reported at the scene."
295,Google,Conventional,Proceeding Straight,Parked,Clear,Daylight,Side Swipe,"A Waymo Autonomous Vehicle (?Waymo AV?) traveling northbound on Lomita Avenue approaching Aloha Avenue in San Francisco was involved in a collision. While being driven in manual mode and approaching an oncoming passenger vehicle, the Waymo AV?s passenger side view mirror made contact with an unoccupied parked passenger vehicle?s driver side view mirror at approximately 17 MPH. The Waymo AV sustained minor damage to its passenger side view mirror, and the unoccupied passenger vehicle sustained minor damage to its driver side view mirror. No injuries were reported at the scene."
296,Cruise,Autonomous,Making Left Turn,Stopped,Clear,Daylight ,Side Swipe,"A Cruise autonomous vehicle (""Cruise AV""), operating in autonomous mode, was turning from northbound Stanyan St. to westbound on Parnassus Street. As the Cruise AV was starting to turn, a black GMC Denali behind the Cruise AV attempted to overtake the Cruise AV causing the AVTO to disengage from autonomous mode.  The GMC Denali made contact with the front driver side bumper of the Cruise AV, which caused minor damage to the front bumper. There were no injuries and police were not called. The driver of the GMC Denali did not stop after the incident and could not be contacted."
297,Cruise,Conventional,Proceeding Straight,Proceeding Straight,Clear,Daylight,Rear End,"A Cruise autonomous vehicle (?Cruise AV?), operating in manual mode, was traveling Westbound on Fulton Street between Pierce and Scott Streets. As the Cruise AV was proceeding straight through the intersection, contact was made to the Cruise AV?s rear bumper by a black Honda Accord. There were no injuries but emergency services were notified via OnStar. The driver of the Honda Accord did not stop after the incident and could not be contacted. "
298,Cruise,Conventional,Making Left Turn,Proceeding Straight,Clear,Daylight,Rear End,"A Cruise autonomous vehicle (""Cruise AV""), operating in manual mode, was stopped while yielding to make a left turn from Southbound on Folsom Street to Eastbound on 15th Street. Contact was made to the rear center bumper of the Cruise AV by a 2016 Ford Van that was continuing straight on Folsom Street. The contact caused minimal damage to the rear center side bumper of the Cruise AV. The police were not called. The day after the incident, minor injuries were reported by the Cruise AVTO and Passenger. "
299,Google,Conventional,Backing,Stopped,Clear,Daylight,Other,"A Waymo Autonomous Vehicle (?Waymo AV?) traveling westbound on Filbert Street at Scott Street in San Francisco was involved in a collision. After coming to a complete stop in autonomous mode, the Waymo AV switched to reverse gear in preparation for making a multipoint turn. Within fractions of a second, the test driver applied the accelerator pedal to disengage autonomous mode. The Waymo AV made contact with a passenger vehicle that was stopped behind it at approximately 3 MPH. The Waymo AV sustained minor damage to its rear bumper, and the passenger vehicle sustained minor damage to its front bumper. No injuries were reported at the scene."
300,Google,Conventional,Slowing/Stopping,Proceeding Straight,Clear,Dark-Street Lights,Rear End,"A Waymo Autonomous Vehicle (?Waymo AV?) traveling northbound in manual mode on 9th Street approaching Howard Street in San Francisco was involved in a collision. The Waymo AV test driver was slowing for stopped traffic ahead when a passenger vehicle behind the Waymo AV made contact with the Waymo AV?s rear bumper at approximately 7 MPH. The Waymo AV was traveling at approximately 2 MPH. The Waymo AV sustained minor damage to its rear bumper, and the passenger vehicle sustained minor damage to its front bumper. The Waymo AV test driver and co-driver both sought medical attention at the scene and were transported to local hospitals."
301,Google,Conventional,Proceeding Straight,Parked,Clear ,Daylight,Side Swipe,"A Waymo Autonomous Vehicle (?Waymo AV?) traveling northbound on Jones Street approaching Clay Street in San Francisco was involved in a collision. After the Waymo AV made a right turn from Pleasant Street in autonomous mode, the Waymo AV test driver disengaged autonomous mode to maneuver past an oncoming vehicle on Jones Street that was drifting toward the Waymo AV. While in manual mode, the Waymo AV?s passenger side view mirror then made contact with an unoccupied parked passenger vehicle?s driver side view mirror at approximately 6 MPH. The Waymo AV sustained minor damage to its passenger side view mirror. The unoccupied passenger vehicle?s driver-side mirror was cracked, but most or all of the damage appeared to have been pre-existing. No other damage was observed to the unoccupied passenger vehicle. No injuries were reported at the scene."
302,Lyft ,Autonomous,Making Right Turn,Proceeding Straight,Clear ,Daylight,Side Swipe,"On April 14, 2021 at 9:38am, AV104 driving in autonomous mode in San Francisco, California, experienced longitudinal contact from a Toyota sedan at the intersection of First and Harrison Streets. The AV was moving at 9mph in the right lane and slowing to begin to execute a right turn, when the Toyota sedan ?side-swiped? the left front lidar unit on the AV while overtaking at a greater speed from the left adjacent lane.  The AV vehicle sustained moderate property damage to the lidar unit, mount, and front fender/bumper.  The driver of the Toyota did not stop*.  There are no known injuries, and Lyft does not know what (if any) damage was sustained by the Toyota. "
303,Google,Conventional,Slowing/Stopping,Proceeding Straight,Clear,Dark-Street Lights,Rear End,"A Waymo Autonomous Vehicle (?Waymo AV?) traveling southbound on Harrison Street approaching Hawthorne Street in San Francisco was involved in a collision. While in manual mode, the Waymo AV?s test driver was braking for a red light at Hawthorne Street when a passenger vehicle behind the Waymo AV made contact with the Waymo AV?s rear bumper at approximately 12 MPH. The Waymo AV was traveling approximately 2 MPH. The Waymo AV sustained minor damage to its rear bumper, and the passenger vehicle sustained minor damage to its front bumper. No injuries were reported at the scene."
304,Google,Autonomous,Stopped,Proceeding Straight,Clear,Daylight,Rear End,"A Waymo Autonomous Vehicle (?Waymo AV?) traveling southbound on Park Presidio Bypass approaching Crossover Drive in San Francisco was involved in a collision. While in autonomous mode, the Waymo AV was stationary in stop-and-go traffic when a passenger vehicle behind the Waymo AV made contact with the Waymo AV?s rear bumper at approximately 5 MPH. The Waymo AV was traveling 0 MPH. The Waymo AV sustained minor damage to its rear bumper, and the passenger vehicle sustained minor damage to its front bumper. No injuries were reported at the scene."
305,Cruise ,Autonomous,Making Right Turn,Making Right Turn,Clear,Daylight,Rear End,"A Cruise autonomous vehicle (?Cruise AV?), operating in autonomous mode was turning from Southbound on Folsom Street to Westbound on 15th Street. When the Cruise AV stopped to yield for an oncoming vehicle, a Chevrolet Silverado that was traveling behind made contact with the rear bumper of the Cruise AV. This caused damage to the rear bumper of the Cruise AV. At the time of the incident, the driver of the Cruise AV reported a minor injury, but emergency services were not called. "
306,Zoox,Autonomous,Stopped,Making Left Turn,Clear ,Daylight,Rear End,A Zoox vehicle in autonomous mode began to slow down during an unprotected left turn to yield for cross traffic entering the lane from the right. A passenger vehicle from behind did not slow and made contact with the rear sensors of the Zoox vehicle. There were no injuries and the police were not called.
307,Cruise ,Autonomous,Stopped,Proceeding Straight,Clear ,Daylight ,Rear End,"A Cruise autonomous vehicle (Cruise AV), operating in autonomous mode, was stopped at a stop sign at the four way intersection of Castro and 22nd Streets. A 2017 Chevy Colorado that was traveling behind the Cruise AV made contact with the rear bumper of the Cruise AV. This caused damage to the rear bumper of the Cruise AV. There were minor injuries but the police were not called."
308,Cruise,Autonomous,Stopped,Proceeding Straight,Clear,Daylight,Rear End,"A Cruise autonomous vehicle, operating in autonomous mode, was traveling northbound on Guerrero Street. The Cruise AV was making a right turn onto 24th Street when a 2004 Toyota Sienna that was traveling straight on Guerrero made contact with the rear driver bumper of the Cruise AV. This caused damage to the rear driver bumper and wheel well of the Cruise AV. There were no injuries and police were not called. "
309,Google,Autonomous,Stopped,Proceeding Straight,Clear,Daylight,Rear End,"A Waymo Autonomous Vehicle (?Waymo AV?) traveling northbound on Sanchez Street at 16th Street in San Francisco was involved in a collision. While in autonomous mode, the Waymo AV was stationary for a red light when a passenger vehicle behind the Waymo AV made contact with the Waymo AV?s rear bumper at approximately 7 MPH. The Waymo AV was traveling 0 MPH. The Waymo AV sustained minor damage to its rear bumper, and the passenger vehicle sustained minor damage to its front bumper. No injuries were reported at the scene."
310,Cruise ,Conventional,Proceeding Straight,Unknown,Clear,Daylight,Other,"A Cruise autonomous vehicle (""Cruise AV""), operating in manual mode, was traveling northbound on 7th Ave between Judah and Kirkham Streets. The Cruise AV made contact with a steel drain cover while traveling over the cover. Contact was made at the undercarriage of the Cruise AV. This caused damage to the undercarriage of the Cruise AV. There were no injuries and police were not called."
311,Google,Conventional,Proceeding Straight,Parked,Clear,Daylight,Rear End,"A Waymo Autonomous Vehicle (?Waymo AV?) traveling northbound on Buchanan Street toward Green Street in San Francisco was involved in a collision. While in manual mode and parked parallel to the curb on Buchanan Street, the Waymo AV test driver accelerated from the stationary position and made contact with an unoccupied parked passenger vehicle in front of it. The Waymo AV sustained moderate damage to its front bumper and grille, and the unoccupied parked passenger vehicle?s sustained moderate damage to rear bumper and trunk. No injuries were reported at the scene."
312,Google,Conventional,Backing,Parked,Clear,Daylight,Side Swipe,"A Waymo Autonomous Vehicle (?Waymo AV?) traveling eastbound in reverse on Eugenia Avenue at Elsie Street in San Francisco was involved in a collision. While in manual mode, the Waymo AV test driver was backing up on a narrow street in order to make room for an oncoming passenger vehicle to pass. As the Waymo AV test driver reversed, the Waymo AV?s rear passenger?s side sensor housing came in contact with an unoccupied parked passenger vehicle?s driver?s side rear fender. The Waymo AV was traveling approximately 1 MPH. The Waymo AV sustained minor damage to its rear passenger?s side sensor housing, and the unoccupied parked passenger vehicle?s sustained minor damage to its driver?s side rear fender. No injuries were reported at the scene."
313,Google,Conventional,Stopped,Proceeding Straight,Clear,Daylight,Rear End,"A Waymo Autonomous Vehicle (?Waymo AV?) traveling northbound on Laguna Street at Vallejo Street in San Francisco was involved in a collision. While in manual mode, the Waymo AV test driver stopped at the four-way stop sign intersection on Laguna Street at Vallejo Street when a passenger vehicle behind the Waymo AV made contact with the Waymo AV?s rear bumper at approximately 2 MPH. The Waymo AV was traveling 0 MPH. The Waymo AV sustained minor damage to its rear bumper, and the passenger vehicle left the scene before exchanging information. No injuries were reported at the scene."
314,Google,Conventional,Slowing/Stopping,Unknown,Clear,Daylight,Other,"A Waymo Autonomous Vehicle (?Waymo AV?) was traveling in manual mode southbound on Jones Street at Ellis Street in San Francisco when a cyclist fell while passing between the Waymo AV and another vehicle. The Waymo AV test driver was traveling approximately 15 MPH and then gradually slowed and came to a stop for a passenger vehicle in its lane making a right turn onto Ellis Street. A cyclist following the Waymo AV at approximately 19 MPH then attempted to pass the Waymo AV on the left side and travel between the Waymo AV?s driver?s side and a faster-moving passenger vehicle in the left adjacent lane. As the cyclist attempted to overtake the Waymo AV and was in turn being overtaken by the adjacent passenger vehicle, the cyclist fell between the two vehicles. As the bicycle was falling, the bicycle?s front tire appears to have made contact with the rear driver?s side wheel of the Waymo AV, and the cyclist appears to have made contact with the side of the other passenger vehicle in the left adjacent lane. The Waymo AV sustained no damage. The passenger vehicle did not stop and left the scene. The cyclist was transported from the scene and reportedly treated for potential head injuries."
315,Google,Conventional,Proceeding Straight,Unknown,Clear,Daylight,Hit Object,"A Waymo Autonomous Vehicle (?Waymo AV?) was traveling in manual mode westbound on Euclid Avenue in San Francisco when it was involved in a collision. The test driver failed to properly navigate a roundabout median at Collins Street and made contact with it at approximately 28 MPH. The Waymo AV sustained moderate damage to its front bumper and undercarriage, and the median sustained minor damage. No injuries were reported at the scene."
316,Google,Conventional,Making Left Turn,Proceeding Straight,Clear,Daylight,Hit Object,"A Waymo Autonomous Vehicle (?Waymo AV?) was traveling in manual mode at the intersection of McAllister Street and Larkin Street in San Francisco when it was involved in a collision. The Waymo AV was initially traveling eastbound on McAllister Street in autonomous mode, approaching the intersection at Larkin Street. When the Waymo AV reached the near-side crosswalk in the dedicated left turn lane, it came to a complete stop at the red traffic light. When the traffic light turned green, the Waymo AV moved forward slightly, partially entering the crosswalk, to begin staging for the turn, yielding to oncoming traffic and other road users. While waiting for an adequate clearance in traffic, the traffic light turned yellow. The Waymo AV remained stopped, declining to proceed into the intersection and make the left turn. While the AV was still stopped, the test driver took over manual control and proceeded to make the left turn. About 4 seconds later, the manually driven Waymo AV made contact with an individual riding a motorized scooter who had entered the crosswalk from the sidewalk at about 10 MPH against both vehicle and pedestrian traffic signals. The motorized scooter was traveling about 6 MPH and the Waymo AV was traveling about 7 MPH at the time of contact. The Waymo AV sustained minor damage to its front license plate. The individual on the motorized scooter appeared to have sustained unknown soft tissue injuries, but left the scene independently."
317,Google,Autonomous,Stopped,Proceeding Straight,Fog/Visibility,Dark-Street Lights,Rear End,"A Waymo Autonomous Vehicle (?Waymo AV?) was traveling in autonomous mode at the intersection of Brannan Street and Division Street in San Francisco when it was involved in a collision. The Waymo AV was stopped in traffic for a red traffic light on southbound Brannan Street at Division Street when a passenger vehicle behind the Waymo AV made contact with the Waymo AV?s rear bumper at approximately less than 1 MPH. The Waymo AV was stationary. The Waymo AV sustained minor damage to its rear bumper, and the passenger vehicle left the scene before exchanging information. No injuries were reported at the scene."
318,Google,Autonomous,Stopped,Proceeding Straight,Clear,Dark-Street Lights,Head-On,"A Waymo Autonomous Vehicle (?Waymo AV?) was traveling in autonomous mode on westbound 21st Street heading toward Shotwell Street in San Francisco when it was involved in a collision. The Waymo AV was stopped behind a passenger vehicle that was double-parked and also was yielding to an oncoming passenger vehicle traveling eastbound on 21st Street. As the oncoming passenger vehicle approached the Waymo AV, it made contact with the Waymo AV?s front bumper at approximately 4 MPH. The Waymo AV was stationary. The Waymo AV sustained minor damage to its front bumper. The passenger vehicle sustained minor damage to its front bumper. No injuries were reported at the scene."
320,Argo AI,Conventional,Stopped,Making Right Turn,Clear,Daylight,Rear End,"An Argo AI Autonomous Vehicle (?Argo AV?) traveling southbound in manual mode on El Camino Real was involved in a collision. As the Argo AV was attempting to make a right turn from El Camino Real onto Page Mill Road, a pedestrian entered the crosswalk. Argo?s Vehicle Operator brought the vehicle to a complete stop and the vehicle directly behind the Argo AV made contact with the Argo AV?s rear bumper. The Argo AV sustained minor damage to its rear bumper. The police were not called. The evening after the incident, minor injuries were reported by the Argo Vehicle Operator located in the right seat. "
321,Cruise,Autonomous,Stopped,Unknown,Clear,Daylight,Side Swipe,"A Cruise autonomous vehicle (?Cruise AV?), operating in autonomous mode, was stopped at a red light on northbound 6th Street at the intersection with Harrison Street when a lane-splitting cyclist made contact with the Cruise AV?s right side mirror, damaging the mirror. The cyclist did not stop. There were no injuries and police were not called."
322,Argo AI,Autonomous,Stopped,Stopped,Clear,Daylight,Rear End,"An Argo AI Autonomous Vehicle (""Argo AV"") traveling northeast bound on Stanford Ave was involved in a collision. The Argo AV came to a complete stop at the stop sign located at the intersection of Stanford Ave and Bowdoin Ave. When the Argo AV began to accelerate the vehicle directly behind the Argo AV made contact with the Argo AV's rear bumper. The Argo AV sustained minor damage to its rear bumper. No injuries were reported at the scene and the police were not contacted."
323,Zoox,Conventional,Slowing/Stopping,Proceeding Straight,Clear,Daylight,Side Swipe,"While providing space to pass, a Zoox vehicle in conventional mode was slowly moving forward in response to an oncoming truck. While passing, the truck came into contact with the Zoox vehicle's rear radar sensor. There were no injuries and the police were not called."
324,Cruise,Autonomous,Proceeding Straight,Proceeding Straight,Clear,Daylight,Broadside,"A Cruise autonomous vehicle (""Cruise AV""), operating in autonomous mode, was traveling westbound on Clement Street. As the Cruise AV was in the intersection with 26th Avenue, a blue Toyota Matrix traveling northbound on 26th Avenue failed to yield and entered the intersection. The Toyota made contact with the Cruise AV's front left bumper and damaged the bumper wheel and the wheel cover. After the incident, the passenger in the Cruise AV reported minor shoulder soreness. There were no additional injuries reported and police were not called."
325,Google,Conventional,Making Left Turn,Proceeding Straight,Cloudy,Daylight,Broadside,"On July 12, 2021 at 3:10 PM PDT, a Waymo Autonomous Vehicle (?Waymo AV?) was in a collision involving a van at Broadway and Gough Street in San Francisco. The Waymo AV, while in autonomous mode, was waiting to make a left turn and yielding to oncoming traffic, when the test driver (in the driver?s seating position) transitioned to manual mode and proceeded with a left turn manually. During the left turn, an approaching van struck the right side of the Waymo AV. At the time of the impact, the Waymo AV was in manual mode."
326,Google,Autonomous,Proceeding Straight,Stopped,Clear,Daylight,Other,"On July 14, 2021 at 4:47 PM PDT, a Waymo Autonomous Vehicle (?Waymo AV?) was proceeding straight westbound on Clement Street in San Francisco, when a passenger vehicle struck the Waymo AV from behind two times. The passenger vehicle then struck the Waymo AV a third time, on the left side of the Waymo AV, as it passed on the left, then immediately fled the scene. The San Francisco Police Department is investigating the event as a criminal act. At the time of the impact, the Waymo AV?s Level 4 ADS was engaged in autonomous mode, and a test driver was present (in the driver?s seating position)."
327,Cruise,Autonomous,Stopped,Proceeding Straight,Clear,Dark-Street Lights,Side Swipe,"McAllister Street at the intersection with Scott Street. Another vehicle approaching from the rear made contact with the Cruise AV's rear bumper, damaging the rear left bumper. The driver of the other vehicle left the scene without exchanging information. There were no injuries and police were not called."
329,Cruise ,Conventional,Making Left Turn,Proceeding Straight,Clear,Daylight,Broadside,"A Cruise autonomous vehicle (""Cruise AV""), operating in autonomous mode, was traveling northbound on 5th Street and yielding to oncoming traffic before making a left turn onto westbound Howard Street. The Cruise AV was yielding to an oncoming electric scooterist when the light turned from green to yellow. The driver of the Cruise AV disengaged from autonomous mode to make the left turn and, shortly thereafter, the electric scooterist made contact with the right side of the Cruise AV, damaging the Cruise AV's front and rear passenger doors. The electric scooterist reported soreness and bruising and the San Francisco police were called. It is unknown at this time whether an investigation is being conducted by law enforcement."
330,Google,Conventional,Stopped,Unknown,Clear,Daylight,Broadside,"On August 1, 2021 at 4:48 PM PDT, a Waymo Autonomous Vehicle (?Waymo AV?) operating in San Francisco, California was struck by a bicycle at Cabrillo Street and 23rd Avenue. The Waymo AV had stopped at a stop sign on Cabrillo Street and, when the intersection was clear, began to proceed westbound through the intersection with 23rd Avenue. At approximately the same time, a cyclist traveling northbound ran the stop sign on 23rd Avenue, began to turn right onto Cabrillo Street but immediately veered left to continue northbound across the crosswalk on Cabrillo Street, where it struck the rear driver?s side of the Waymo AV. The cyclist stayed upright and immediately rode away, continuing northbound on 23rd Avenue. The bicycle caused minor scratches and marks on the rear driver?s side bumper of the Waymo AV. The Waymo AV was operating with a driver (in the driver?s seating position), who transitioned the vehicle from autonomous to manual mode approximately 1 second before the impact occurred. At the time of impact, the Waymo AV was in manual mode."
331,Cruise ,Conventional,Proceeding Straight,Unknown,Clear,Daylight,Broadside,"A Cruise autonomous vehicle (""Cruise AV""), operating in autonomous mode, was traveling westbound on Balboa Street. As the Cruise AV was in the intersection with 24th Avenue, a silver Toyota Tundra traveling northbound on 24th Avenue failed to yield and continued to enter the intersection. The AVTO disengaged from autonomous mode; nevertheless the Toyota made contact with the Cruise AV's left rear panel and damaged the rear left bumper. There were no injuries and police were not called."
332,Google,Conventional,Proceeding Straight,Parked,Cloudy,Daylight,Rear End,"A Waymo Autonomous Vehicle (?Waymo AV?) operating in San Francisco, California was in a collision involving a parked vehicle on the 200 block of Parnassus Avenue. While operating in manual mode, the operator of the Waymo vehicle was attempting to enter the adjacent travel lane from a parallel parked position on the right-hand edge of the street, when they made contact with the rear of a vehicle parked directly in front of the Waymo vehicle. The Waymo vehicle sustained minor damage to the front bumper and sensor casing. The other party?s vehicle sustained minor scratches and denting to the rear bumper."
333,Google,Conventional,Making Right Turn,Parked,Clear,Daylight,Side Swipe,"A Waymo Autonomous Vehicle (?Waymo AV?) operating in San Francisco, California was in a collision involving a parked vehicle at Alabama Street at 24th Street. While operating in manual mode, the Waymo AV was driving southbound on Alabama Street and nearing the intersection at 24th Street. While navigating the narrow roadway with an oncoming vehicle, the Waymo AV made contact with a parked vehicle on the right side of the road causing minor scrapes to both vehicles."
336,Google,Conventional,Stopped,Proceeding Straight,Cloudy,Daylight,Rear End,"A Waymo Autonomous Vehicle (?Waymo AV?) operating in San Francisco was in a collision involving a vehicle at Scott Street and Sacramento Street. While operating in autonomous mode, the Waymo AV was stopped at a stop sign intersection yielding to a pedestrian in the crosswalk as a passenger vehicle arrived at the intersection from the left.  Once the pedestrian cleared the crosswalk, the Waymo AV started to proceed at the same time as the passenger vehicle to the left. The driver of the Waymo AV transitioned into manual mode, bringing the vehicle to a stop and the passenger vehicle behind the AV accelerated into the rear of the Waymo vehicle. The Waymo AV sustained minor damage to the rear bumper. "
337,Google,Autonomous,Stopped,Changing Lanes,Clear,Daylight,Rear End,"A Waymo Autonomous Vehicle (?Waymo AV?) operating in San Francisco, California was in a collision involving a passenger vehicle at Bush Street and Grant Avenue. The Waymo AV was stopped in traffic while in autonomous mode when the passenger vehicle approached from behind while changing lanes. The passenger vehicle struck the rear of the stopped Waymo AV traveling at 5.5 miles per hour and left the scene. The left rear bumper of the Waymo AV sustained minor damage."
338,Google,Autonomous,Stopped,Proceeding Straight,Clear,Daylight,Rear End,"A Waymo Autonomous Vehicle (?Waymo AV?) operating in San Francisco, California was in a collision involving a passenger vehicle at Presidio Avenue and Bush Street. The Waymo AV was stopped at a red light in autonomous mode when the passenger vehicle behind the AV made contact with the rear of the Waymo vehicle. The Waymo AV sustained minor damage to the rear bumper. The passenger vehicle appeared to sustain minor scuffing or no damage."
339,Cruise,Autonomous,Proceeding Straight,Proceeding Straight,Clear,Dark-Street Lights,Head-On,"A Cruise autonomous vehicle (""Cruise AV""), operating in autonomous mode, was traveling southbound on Steiner Street between McAllister Street and Fulton Street. The Cruise AV was traveling 24.4 mph upon entering the intersection with Fulton Street on a green light. As the Cruise AV continued through the intersection, a bicyclist traveling eastbound on Fulton Street failed to stop for their red light and entered the intersection. The Cruise AV was disengaged from autonomous mode and the Cruise AV operator braked to a speed of 8.7 mph and, shortly thereafter, the bicyclist made contact with the Cruise AV, damaging the front of the Cruise AV and the bicycle. The cyclist verbally reported they were okay. However, the Cruise AV Operator noticed minor injuries to the cyclict. Police and Emergency Medical Services were called, but the cyclist left the scene before the police or EMS arrived."
340,Cruise,Conventional,Parked,Parking Manuever,Clear,Dark-Street Lights,Rear End,"A Cruise autonomous vehicle (""Cruise AV"") in conventional mode was involved in a collision on eastbound Fulton Street between Steiner Street and Pierce Street. While the Cruise AV was parked parallel to the curb on the street, another vehicle attempting to park made contact with the rear bumper of the Cruise AV, damaging the Cruise AV's rear bumper. There were no injuries and police were not called."
341,Google,Conventional,Backing,Parked,Clear,Daylight,Other,"On August 31, 2021 at 5:41 PM PDT, Waymo Autonomous Vehicle (?Waymo AV?) operating in San Francisco was in a collision involving an unoccupied parked passenger vehicle at 20 Cook Street. While performing a multipoint turn at the north end of Cook Street (a dead-end road), the Waymo AV was in reverse at approximately 2 MPH when it made contact with the front driver?s side door of an unoccupied parked passenger vehicle. The Waymo AV was in autonomous mode until just before making contact, when the test driver transitioned the Waymo AV into manual mode. The contact caused minor scuffing and a small dent in the door handle of the parked vehicle?s driver door and minor damage to the plastic sensor housing on the Waymo AV?s rear passenger?s side."
342,Google,Conventional,Entering Traffic,Passing Other Vehicle,Clear,Daylight,Side Swipe,"On August 31, 2021 at 7:30 AM PDT, a Waymo Autonomous Vehicle (?Waymo AV?) operating in San Francisco, California was in a collision involving another vehicle near the intersection of 25th Street at York Street. The Waymo AV was stopped near the end of the 2500 block of 25th Street after having executed a pull-over in autonomous mode, at which time the operator of the Waymo AV took manual control of the Waymo AV and proceeded into the driving lane. The Waymo AV then made contact with the right rear fender of a passenger vehicle passing the Waymo AV on the left side. Both vehicles incurred minor damage."