No.,Business_Name,Pre_Crash_Mode,AV,OtherVeh,Weather,Lighting,Collision_Type,Damage_Detail
343,Google,Autonomous,Backing,Parked,Clear,Dark-Street Lights,Other,"On September 2, 2021 at 1:56 AM PDT, a Waymo Autonomous Vehicle (?Waymo AV?) operating in San Francisco was in a collision involving an unoccupied parked passenger vehicle at the north end of 8th Avenue (a dead-end road). While performing a multipoint turn in autonomous mode, the Waymo AV was reversing at approximately 2 MPH when it made contact with the rear tail light of an unoccupied parked passenger vehicle. The contact caused a small break in the tail light cover of the parked vehicle and minor damage to the rear bumper of the Waymo AV."
344,Zoox,Autonomous,Making Right Turn,Making Right Turn,Clear,Dark-Street Lights,Side Swipe,"A Zoox vehicle in autonomous mode making a right turn onto Essex St, fro Folsom St., when a passenger vehicle in the left adjacent turn lane encroached into its lane and made contact with the left bumper and sensors of the Zoox vehicle. There were no injuries and the police were not called."
345,Google,Conventional,Proceeding Straight,Proceeding Straight,Cloudy,Daylight,Rear End,"On August 13, 2021 at 8:04 AM PDT, a Waymo Autonomous Vehicle (?Waymo AV?) operating in San Francisco was in a collision involving a van at Oakdale Avenue and Toland Street. While in manual mode and traveling northwest on Oakdale Avenue, the Waymo AV was approaching slower lead traffic at the stop sign intersection at Toland Street. As the Waymo AV?s operator (in the driver?s seating position) slowed the Waymo AV, a van made contact with the rear of the Waymo AV. The Waymo AV sustained minor damage to the underside of its rear bumper; the van did not appear to sustain damage."
346,Google,Conventional,Making Left Turn,Passing Other Vehicle,Clear,Daylight,Side Swipe,"On September 16, 2021 at 5:14 PM PDT a Waymo Autonomous Vehicle (?Waymo AV?) operating in San Francisco, California was in a collision involving a passenger vehicle at Palou Avenue and Selby Avenue. While making a left turn from Palou Avenue onto Selby Avenue in manual mode, the Waymo AV was struck by a passenger vehicle attempting to pass the Waymo AV on the left side using the oncoming traffic lane. The Waymo AV sustained minor damage to the left front fender. The other vehicle left the scene without exchanging information."
347,Google,Conventional,Stopped,Backing,Clear,Daylight,Side Swipe,"On September 17, 2021 at 11:39 AM PDT a Waymo Autonomous Vehicle (?Waymo AV?) operating in San Francisco, California was in a collision involving a passenger vehicle on the 400 block of Washington Street. While in autonomous mode, the Waymo AV was stopped behind a double-parked passenger vehicle in the right-hand lane of traffic with slow-moving (same directional) traffic to its left. The driver of the Waymo AV transitioned the vehicle to manual mode and initiated a lane change into the congested left-hand lane. Before the driver of the Waymo AV could complete this maneuver, the passenger vehicle in front of the Waymo AV shifted into reverse and proceeded to make contact with the rear right sensor of the Waymo AV. Both vehicles sustained minor damage."
348,Google,Conventional,Stopped,Proceeding Straight,Clear,Daylight,Side Swipe,"On September 17, 2021 at 12:30 PM PDT a Waymo Autonomous Vehicle (?Waymo AV?) operating in San Francisco, California was in a collision involving a passenger vehicle at York Street and Cesar Chavez. The Waymo AV was waiting to turn right onto Cesar Chavez in autonomous mode when the driver transitioned to manual mode. A passenger vehicle was in the process of completing a right turn from Cesar Chavez onto York Street and made contact with the front left fender of the stopped Waymo AV, before proceeding straight through the narrow roadway. The Waymo sustained minor damage to the fender. The other vehicle left the scene without exchanging information."
349,Zoox,Conventional,Stopped,Stopped,Clear,Daylight,Broadside,"A Zoox vehicle in manual mode was stopped in the left turn lane, when a passenger vehicle approaching from the rear in the right adjacent lane collided into the right passenger side doors of the Zoox vehicle. The passenger vehicle immediately fled the scene. The Zoox vehicle incurred moderate damage to the right side passenger doors. The police were not called at the scene but a police report was filed. There were no injuries."
350,Google,Conventional,Stopped,Proceeding Straight,Clear,Dark-Street Lights,Rear End,"On September 22, 2021 at 4:29 AM PDT a Waymo Autonomous Vehicle (?Waymo AV?) operating in San Francisco was in a collision involving a passenger vehicle at Lombard Street and Scott Street. The Waymo AV was stopped at a red light facing west on Lombard Street in manual mode. A passenger vehicle approaching the rear of the Waymo AV at approximately 26 miles per hour collided with the right rear bumper of the vehicle. Both vehicles sustained major damage. Occupants of the Waymo vehicle reported soreness in their shoulders after leaving the scene."
351,Cruise,Conventional,Stopped,Proceeding Straight,Clear,Daylight,Rear End,"A Cruise autonomous vehicle (""Cruise AV""), operating in manual mode, was traveling northbound on 3rd Street between Marin Street and Cesar Chavez Street. As the Cruise AV was stopped behind another vehicle, a 2020 Chevy Bolt behind the Cruise AV made contact with the Cruise AV, damaging the rear center bumper of the Cruise AV. The Cruise AV operator reported injuries. Police were not called to the scene."
353,Google,Autonomous,Stopped,Proceeding Straight,Clear,Daylight,Rear End,"On October 1, 2021 at 3:51 PM PDT a Waymo Autonomous Vehicle (?Waymo AV?) operating in San Francisco, California was in a collision involving an SUV at John F. Kennedy Drive at Stanyan Street.  The Waymo AV was traveling in autonomous mode westbound on Fell Street / John F. Kennedy Drive when it stopped for pedestrians who were in a crosswalk and between the westbound and eastbound lanes of John F. Kennedy Drive. An SUV following behind the Waymo AV struck the rear of the Waymo AV. The Waymo AV sustained minor damage to its rear bumper and trunk, and the SUV sustained minor damage to its front bumper and hood. The Waymo AV test driver later reported lower back pain."
354,Cruise,Autonomous,Stopped,Backing,Clear,Dark-Street Lights,Head-On,"A Cruise autonomous vehicle (""Cruise AV""), operating in autonomous mode, was at a complete stop in response a stop sign on northbound Capp Street at the intersection with 22nd Street. An SFPD 2016 Ford Explorer that was in front of the Cruise AV reversed from the intersection of Capp Street and 22nd Street and made contact with the Cruise AV's front bumper, damaging the front bumper. There were no injuries and the officer that struck the Cruise AV filed a police report."
355,Google,Conventional,Stopped,Unknown,Clear,Dark-Street Lights,Side Swipe,"On October 4, 2021 at 11:12 PM PDT a Waymo Autonomous Vehicle (?Waymo AV?) operating in San Francisco, California was in a collision involving a passenger vehicle at Mission Street and Highland Street. While operating in manual mode, a Waymo AV was waiting at a red light facing southbound on Mission Street when a passenger vehicle approached from behind and made contact with the right rear sensor housing of the Waymo AV. The Waymo AV sustained minor damage to the sensor housing.The passenger vehicle left the scene."
356,Google,Conventional,Stopped,Backing,Clear,Dusk-Dawn,Head-On,"On October 8, 2021 at 6:39 PM PDT a Waymo Autonomous Vehicle (?Waymo AV?) operating in San Francisco, California was in a collision involving a passenger vehicle at Mission Street at Avalon Avenue. While traveling northwest on Mission Street in autonomous mode, the Waymo AV navigated around a double-parked vehicle stopped in the right lane. After re-entering the right lane, the Waymo AV came to a complete stop behind a second passenger vehicle, at which time the driver of the Waymo AV transitioned into manual mode. The second passenger vehicle reversed into the Waymo AV, making contact with its front bumper. Both vehicles sustained minor bumper damage."
357,Google,Conventional,Parking Manuever,Parked,Cloudy,Dusk-Dawn,Head-On,"On October 8, 2021 at 8:39 AM PDT a Waymo Autonomous Vehicle (?Waymo AV?) operating in San Francisco, California was in a collision involving a passenger vehicle at Ellsworth Street and Jarboe Avenue. While operating in manual mode, the driver of the Waymo AV pulled into the right parking lane to park. In the process, the Waymo AV made contact with the bumper of a parked vehicle. Both vehicles sustained minor bumper damage. "
358,Google,Autonomous,Slowing/Stopping,Proceeding Straight,Clear,Daylight,Rear End,"On October 18, 2021 at 12:57 PM PDT a Waymo Autonomous Vehicle (?Waymo AV?) operating in San Francisco, CA was in a collision involving an SUV at Cesar Chavez and Evans Avenue. As the Waymo AV approached a right turn from Cesar Chavez onto Evans Avenue, it braked behind stopped traffic. An SUV following behind the Waymo AV made contact with the rear of the Waymo AV. At the time of the impact, the Waymo AV?s Level 4 ADS was engaged in autonomous mode, and a test driver was present in the driver?s seating position. The Waymo AV sustained minor damage to its rear bumper and trunk, and the SUV sustained minor damage to its front bumper and hood."
359,Google,Conventional,Changing Lanes,Proceeding Straight,Clear,Daylight,Side Swipe,"On October 19, 2021 at 12:33 PM PDT a Waymo Autonomous Vehicle (?Waymo AV?) operating in San Francisco, CA was in a collision involving a passenger car on California Street between Jordan Avenue and Cherry Street. While in manual mode and stopped behind traffic waiting to make an unprotected left turn from California Street onto Cherry Street, the Waymo AV test driver attempted to make a right lane change to proceed around its stopped lead vehicle, and made contact with a passenger vehicle traveling in the right adjacent lane. At the time of the impact, the Waymo AV?s Level 4 ADS was not engaged and a test driver was operating the Waymo AV in manual mode. The Waymo AV sustained minor damage to its front passenger side bumper corner and sensor hardware, and the passenger vehicle sustained moderate scraping and denting on the driver?s side rear passenger door."
360,Google,Conventional,Slowing/Stopping,Backing,Cloudy,Daylight,Side Swipe,"On October 21, 2021 at 1:55 PM PST a Waymo Autonomous Vehicle (?Waymo AV?) operating in San Francisco was in a collision involving a passenger vehicle at Larkin Street and O'Farrell Street. While in manual mode, the Waymo AV was slowly approaching stopped traffic ahead when a vehicle in the right adjacent lane started reversing into a parallel parking space. In the process,  the front left bumper of the passenger vehicle scraped the right side panels and bumper of the Waymo AV. At the time of the impact, the Waymo AV?s Level 4 ADS was not engaged and a test driver was operating the Waymo AV in manual mode. Both vehicles sustained minor damage."
361,Zoox,Conventional,Proceeding Straight,Making Right Turn,Cloudy,Daylight,Side Swipe,"While in manual mode, the Zoox vehicle was proceeding straight on Columbus St. through the intersection at Mason, when a pickup truck in the left adjacent lane turned right in front of the Zoox vehicle. The truck contacted the Zoox vehicle which incurred minor damage to its front left bumper. There were no injuries and the police were not called."
362,Argo AI,Autonomous,Stopped,Making Right Turn,Clear,Daylight,Rear End,"An Argo AI Autonomous Vehicle (?Argo AV?) was involved in a rear-end collision on Grant Ave. The Argo AV came to a complete stop at the stop sign located at the intersection of Grant Ave. and El Camino Real. After the Argo AV began to initiate a right-hand turn, the Argo AV came to a stop in response to oncoming traffic. A vehicle trailing behind the Argo AV moved forward and contacted the Argo AV?s left rear bumper. The Argo AV sustained minor damage to its left rear bumper."
363,Google,Conventional,Stopped,Proceeding Straight,Clear,Daylight,Rear End,"On October 27, 2021 at 3:54 PM PST a Waymo Autonomous Vehicle (?Waymo AV?) operating in San Francisco was in a collision involving a passenger vehicle at Flower Street and Bayshore Avenue.  While in manual mode, the operator of the Waymo AV was at a complete stop while yielding to traffic approaching from the left, waiting to make a left turn onto Bayshore Avenue from northwest Flower Street.  A passenger vehicle approached from behind and made contact with the rear of the Waymo AV. At the time of the impact, the Waymo AV?s Level 4 ADS was not engaged and a test driver was operating the Waymo AV in manual mode. Both vehicles sustained minor damage."
364,Google,Conventional,Making Left Turn,Proceeding Straight,Clear,Dark-Street Lights,Head-On,"On October 28, 2021 at 9:35 PM PDT a Waymo Autonomous Vehicle (?Waymo AV?) operating in San Francisco, CA was in a collision involving a van at Silver Avenue at Bayshore Boulevard. The Waymo AV, while in autonomous mode, was waiting to make a left turn from Silver Avenue onto Bayshore Boulevard and yielding to oncoming traffic, when the test driver (in the driver?s seating position) transitioned to manual mode and proceeded with a left turn manually. During the left turn, an approaching van made contact with the front bumper of the Waymo AV. At the time of the impact, the Waymo AV?s Level 4 ADS was not engaged and a test driver was operating the Waymo AV in manual mode. The Waymo AV sustained minor damage to its front bumper, and the van sustained minor damage to its front bumper."
365,Pony.AI,Autonomous,Changing Lanes,Unknown,Clear,Daylight,Hit Object,"On October 28, 2021, after turning right onto Fremont Blvd from Cushing Pkwy, the Pony.ai Autonomous Vehicle (""Pony.ai AV"") performed a left lane change maneuver in autonomous mode. While performing the lane change, the Pony.ai AV came into contact with a center divider on Fremont Blvd. and the traffic sign that was posted on the divider.  The Pony.ai AV suffered moderate damage to the front of the vehicle and the undercarriage. There were no injuries and no other vehicles involved.  Fremont Police Department were called to report the incident and the damaged street sign.  Pony.ai has subsequently worked with local authorities to resolve all issues related to the damaged sign."
367,Zoox,Conventional,Making Left Turn,Proceeding Straight,Clear,Daylight,Broadside,"A Zoox vehicle was in manual mode making a left turn from Lemon St. onto Oakdell St.. A passenger vehicle passed through a stop sign without slowing and made contact with the rear and left side of the Zoox vehicle. The Zoox vehicle incurred minor damage to its rear, left bumper and rear sensor. There were no injuries and the police were not called."
368,Google,Autonomous,Proceeding Straight,Unknown,Clear,Dusk-Street Lights,Other,"On November 4, 2021 at 6:41 AM PST a Waymo Autonomous Vehicle (?Waymo AV?) operating in San Francisco, CA made contact with a fixed object at the intersection of Icehouse Alley and Green Street.  The Waymo AV was traveling eastbound on Green Street when the vehicle approached a partially covered manhole. The manhole cover made contact with the underside of the Waymo AV. At the time of the impact, the Waymo AV?s Level 4 ADS was engaged in autonomous mode, and a test driver was present (in the driver?s seating position). The Waymo AV sustained minor damage to the underside of the car. "
369,Google,Autonomous,Stopped,Proceeding Straight,Cloudy,Daylight,Rear End,"On November 6, 2021 at 4:28 PM PDT a Waymo Autonomous Vehicle (?Waymo AV?) operating in San Francisco, California was in a collision involving a passenger vehicle on Powell Street at Pacific Avenue. The Waymo AV was traveling in autonomous mode southbound on Powell Street when it activated its right turn signal and prepared to make a right turn onto Pacific Avenue. The Waymo AV stopped to yield to a pedestrian who was in the adjacent crosswalk on Pacific Avenue. A passenger vehicle behind the Waymo AV made contact with the rear of the Waymo AV. At the time of the impact, the Waymo AV?s Level 4 ADS was engaged in autonomous mode, and a test driver was present (in the driver?s seating position). The Waymo AV sustained minor damage to its rear bumper, and the trailing passenger vehicle sustained minor damage to its front bumper."
370,Google,Autonomous,Stopped,Proceeding Straight,Clear,Dark-Street Lights,Side Swipe,"On November 6, 2021 at 1:50 AM PST a Waymo Autonomous Vehicle (?Waymo AV?) operating in San Francisco, CA was in a collision involving a passenger vehicle at Waller Street at Alpine Terrace. The Waymo AV was traveling westbound on Waller Street when it yielded to an oncoming passenger vehicle. As the passenger vehicle passed the stopped Waymo AV, its driver side rearview mirror made contact with a Waymo AV sensor. At the time of the impact, the Waymo AV?s Level 4 ADS was engaged in autonomous mode, and a test driver was present (in the driver?s seating position). Both vehicles sustained minor damage."
372,Google,Autonomous,Stopped,Proceeding Straight,Clear,Daylight,Rear End,"On November 12, 2021 at 1:23 PM PST a Waymo Autonomous Vehicle (?Waymo AV?) operating in San Francisco, CA was in a collision involving a passenger vehicle at Divisadero Street at Turk Street.  The Waymo AV was stopped at a red light on Divisadero Street at Turk Street. When the traffic light turned green, the passenger vehicle behind the Waymo AV made contact with the rear of the Waymo AV. At the time of the impact, the Waymo AV?s Level 4 ADS was engaged in autonomous mode, and a test driver was present (in the driver?s seating position). The Waymo AV sustained minor damage, and the trailing passenger vehicle sustained minor damage. "
373,Cruise,Autonomous,Proceeding Straight,Stopped,Clear,Daylight,Side Swipe,"A Cruise autonomous vehicle (Cruise AV), operating in supervised autonomous mode, was traveling westbound on Ocean Avenue between Lee Avenue and Harold Avenue. The Cruise AV was traveling 18.8 mph upon coming to the intersection with Lee Avenue on a green light. As the Cruise AV entered the intersection, a 2014 Audi made a prohibited left turn from the rightmost westbound lane on Ocean Ave. The Cruise AV hard braked prior to the Cruise AV operator disengaging the Cruise AV from autonomous mode. The Cruise AV operator continued to hard brake while steering away from the approaching vehicle but, shortly thereafter, the 2014 Audi made contact with the Cruise AV, damaging the front right of the Cruise AV and the front left bumper of the 2014 Audi. The Cruise AV was traveling 11.4 mph at the time of contact. Police were not called to the scene and no injuries were reported."
374,Cruise,Autonomous,Stopped,Proceeding Straight,Clear,Dark-Street Lights,Side Swipe,"A Cruise autonomous vehicle (""Cruise AV""), operating in autonomous mode, was at a complete stop in response to a red light on southbound 4th Avenue at the intersection with Geary Boulevard. Another vehicle approaching from the rear made contact with the Cruise AV's rear bumper, damaging the rear bumper. The driver of the other vehicle left the scene without exchanging information. There were no injuries and police were not called."
375,Google,Autonomous,Stopped,Proceeding Straight,Clear,Dark-Street Lights,Rear End,"On November 15, 2021 at 2:20 AM PST a Waymo Autonomous Vehicle (?Waymo AV?) operating in San Francisco, CA was in a collision involving a passenger vehicle at Noriega Street at 40th Avenue. The Waymo AV was stopped at a stop sign at Noriega Street at 40th Avenue when a passenger vehicle made contact with the rear of the Waymo AV. At the time of the impact, the Waymo AV?s Level 4 ADS was engaged in autonomous mode, and a test driver was present (in the driver?s seating position). The Waymo AV?s rear bumper and undercarriage sustained moderate damage, and the passenger vehicle?s front bumper and hood sustained moderate damage."
376,Google,Conventional,Stopped,Entering Traffic,Clear,Daylight,Side Swipe,"On November 20, 2021 at 11:11 AM PST a Waymo Autonomous Vehicle (?Waymo AV?) operating in San Francisco, CA was in a collision involving an SUV on the 1700 block of Steiner Street. The Waymo AV was in autonomous mode and traveling northbound on Steiner Street as it crossed the intersection at Post Street. An SUV then turned right from Post Street onto Steiner Street and began closely following the Waymo AV. The Waymo AV test driver then took manual control and stopped the Waymo AV. The SUV then stopped, reversed, and drove around the Waymo AV and made contact with the Waymo AV?s driver side rear fender. At the time of the impact the Waymo AV?s Level 4 ADS was not engaged and a test driver was operating the Waymo AV in manual mode. The Waymo AV sustained minor damage and the SUV left the scene without exchanging information."
377,Cruise,Autonomous,Proceeding Straight,Making Left Turn,Clear,Daylight,Side Swipe,"A Cruise autonomous vehicle (""Cruise AV""), operating in supervised autonomous mode, was at a complete stop in response to a red light on southbound Cayuga Street at the intersection with Geneva Street. As the Cruise AV entered the intersection on a green light and continued southbound on Cayuga Street, a Honda Civic traveling northbound on Cayuga Street initiated an unprotected left turn in the intersection. The Cruise AV hard braked but, shortly thereafter, the Honda Civic made contact with the Cruise AV, damaging the back left bumper of the Cruise AV. Police were not called to the scene and no injuries were reported."
378,Google,Conventional,Making Right Turn,Unknown,Clear,Daylight,Hit Object,"On November 25, 2021 at 1:31 PM PST a Waymo Autonomous Vehicle (?Waymo AV?) operating in San Francisco, CA made contact with a curb at 32nd Avenue and Taraval Street. While in manual mode, the Waymo AV test driver was completing a right turn from northbound 32nd Avenue onto eastbound Taraval Street when the Waymo AV?s passenger side rear tire made contact with the curb at the corner of the intersection. At the time of the impact, the Waymo AV?s Level 4 ADS was not engaged and a test driver was operating the Waymo AV in manual mode. The Waymo AV?s passenger side rear tire and wheel sustained minor damage."
379,Google,Autonomous,Stopped,Making Left Turn,Clear,Dark-Street Lights,Side Swipe,"On November 26, 2021 at 8:02 PM PST a Waymo Autonomous Vehicle (?Waymo AV?) operating in San Francisco, CA was in a collision involving a passenger vehicle at Scotia Avenue, Thornton Avenue, and Bridgeview Drive. The Waymo AV was traveling southbound on Scotia Avenue, a narrow road with vehicles parked on both sides, and approaching the intersection with Thornton Avenue and Bridgeview Drive. A passenger vehicle approaching from the right of the Waymo AV on eastbound Thornton Avenue made a left turn in front of the Waymo AV to head northbound on Scotia Avenue. The Waymo AV slowed to a near stop and nudged to its right in order to share the narrow road with the oncoming vehicle and then came to a stop at the stop sign as the oncoming vehicle completed its turn. At approximately 5 mph, the turning passenger vehicle made contact with Waymo AV?s sensor hardware housing on the driver side rear corner fender of the stopped Waymo AV. At the time of the impact, the Waymo AV?s Level 4 ADS was engaged in autonomous mode, and a test driver was present (in the driver?s seating position). The Waymo AV sustained minor damage to the sensor hardware housing (which was the reason for towing the Waymo AV) and the passenger vehicle left the scene without exchanging information."
380,Google,Autonomous,Stopped,Proceeding Straight,Clear,Dark-Street Lights,Rear End,"On November 28, 2021 at 6:08 PM PST a Waymo Autonomous Vehicle (?Waymo AV?) operating in San Francisco, CA was in a collision involving a passenger vehicle at Clay Street at Franklin Street. The Waymo AV was stopped at a red light on eastbound Clay Street at Franklin Street when a passenger vehicle struck the Waymo AV?s rear bumper. At the time of the impact, the Waymo AV?s Level 4 ADS was engaged in autonomous mode, and a test driver was present (in the driver?s seating position). The Waymo AV?s rear bumper sustained damage, and the passenger vehicle?s front bumper sustained damage."
381,Google,Conventional,Proceeding Straight,Parked,Clear,Daylight,Side Swipe,"On November 30, 2021 at 12:21pm PM PST a Waymo Autonomous Vehicle (?Waymo AV?) operating in San Francisco, CA was in a collision involving an SUV on the 10 block of Castro Street. As the Waymo AV test driver drove the Waymo AV in manual mode on southbound Castro Street between Waller Street and Lloyd Street, the passenger side mirror of the Waymo AV made contact with a parked SUV. At the time of the impact, the Waymo AV?s Level 4 ADS was not engaged and a test driver was operating the Waymo AV in manual mode. The Waymo AV sustained damage to its passenger side rearview mirror."
382,Cruise,Autonomous,Stopped,Making Right Turn,Clear,Dark-Street Lights,Rear End,"A Cruise autonomous vehicle (""Cruise AV""), operating in supervised autonomous mode, was at a complete stop in response to a red light on southbound Laguna Street at the intersection with McAllister Street. Another vehicle approaching from the rear made contact with the Cruise AV's rear bumper, damaging the rear right bumper. The driver of the other vehicle left the scene without exchanging information. There were no injuries and police were not called."
383,Cruise,Conventional,Proceeding Straight,Stopped,Clear,Dark-Street Lights,Head-On,"A Cruise autonomous vehicle (""Cruise AV""), operating in manual mode, was traveling eastbound on Hayes Street between Scott Street and Divisadero Street. As the Cruise AV approached the intersection with Divisadero Street, the Cruise AV made contact with the rear bumper of a 2017 Toyota Prius that was stopped at the intersection. This caused damage to the front bumper of the Cruise AV and the rear bumper of the 2017 Toyota Prius. No injuries were reported at the scene by either party. A Cruise AV test driver later sought medical evaluation."
384,Google,Autonomous,Stopped,Backing,Clear,Daylight,Broadside,"On December 3, 2021 at 12:23 PM PST a Waymo Autonomous Vehicle (?Waymo AV?) operating in San Francisco, CA was in a collision involving a passenger vehicle at 16th Street at Market and Noe Street. As the Waymo AV approached the intersection of 16th Street and Market Street, it stopped behind traffic at a red light. After the Waymo AV was fully stopped, a passenger vehicle reversed out of a parking spot perpendicular to the Waymo AV and made contact with the passenger side rear corner of the Waymo AV. At the time of the impact, the Waymo AV?s Level 4 ADS was engaged in autonomous mode, and a test driver was present in the driver?s seating position. Both vehicles sustained minor damage to their rear bumpers"
385,Google,Conventional,Proceeding Straight,Changing Lanes,Clear,Daylight,Broadside,"On December 4, 2021 at 4:10 PM PST a Waymo Autonomous Vehicle (?Waymo AV?) operating in San Francisco, CA was in a collision involving an SUV on Winson Drive between 19th and 20th Avenues. While in autonomous mode, the Waymo AV turned right from southbound 19th Avenue onto westbound Winston Drive. As the Waymo AV proceeded onto Winston Drive in the far right lane, an SUV also proceeding westbound on Winston Drive made a continuous right lane change from the far left lane, through the middle lane, and entered the far right lane in front of the Waymo AV. The Waymo AV was decelerating when the test driver transitioned to manual mode. The Waymo AV then made contact with the SUV. At the time of the impact, the Waymo AV?s Level 4 ADS was not engaged and a test driver (in the driver?s seating position) was operating the Waymo AV in manual mode. The Waymo AV sustained damage to its front driver side fender and the SUV sustained damage to its front passenger side fender. "
386,Google,Autonomous,Stopped,Proceeding Straight,Clear,Daylight,Rear End,"1 at 10:47 AM PST a Waymo Autonomous Vehicle (?Waymo AV?) operating in San Francisco, CA was in a collision involving an SUV at Oak Street at Stanyan Street. While in autonomous mode, the Waymo AV came to a stop at a stop sign on Oak Street. While the ADV was stopped, waiting for a pedestrian to cross and for traffic on Stanyan Street to clear, an SUV approached the Waymo AV from behind and made contact with the rear of the Waymo AV. At the time of the impact, the Waymo AV?s Level 4 ADS was engaged in autonomous mode, and a test driver was present (in the driver?s seating position). The Waymo AV sustained minor damage to the rear bumper."
387,Zoox,Conventional,Making Left Turn,Proceeding Straight,Clear,Daylight,Side Swipe,"A Zoox vehicle was stopped in manual mode while exiting the intersection of Montgomery St. and Pacific St. as a large truck entered the intersection. While the truck began to make a left turn behind the Zoox vehicle, it made contact with the Zoox rear radar and camera pod on the driver's side. There were no injuries and the police were not called."
389,Cruise,Autonomous,Stopped,Making Left Turn,Clear,Daylight,Rear End,"A Cruise autonomous vehicle (""Cruise AV""), operating in supervised autonomous mode, was at a complete stop in response to a red light on northbound Larkin Street at the intersection with Turk Street.  The Cruise AV entered the intersection on a green light and continued straight when a cyclist traveling eastbound on Turk Street entered the crosswalk. The Cruise AV braked to the cyclist and, shortly thereafter, another vehicle traveling behind the Cruise AV  made contact with the Cruise AV's rear bumper, damaging the rear left bumper. The driver of the other vehicle left the scene without exchanging information. There were no injuries and police were not called."
390,Google,Conventional,Parking Manuever,Unknown,Cloudy,Dark-Street Lights,Hit Object,"On December 11, 2021 at 2:28 AM PST a Waymo Autonomous Vehicle (?Waymo AV?) operating in San Francisco was in a collision involving a concrete post in the parking lot at 1900 Noriega Street. At the time of the impact, the Waymo AV?s Level 4 ADS was not engaged and a test driver was operating the Waymo AV in manual mode. The operator of the vehicle was attempting to reverse into a parking spot when the right rear sensor casing of the vehicle struck a concrete post adjacent to the parking spot. The Waymo AV sustained minor damage to the right rear sensor housing."
391,Cruise,Autonomous,Stopped,Stopped,Clear,Daylight,Rear End,"A Cruise autonomous vehicle (""Cruise AV""), operating in supervised autonomous mode, was at a complete stop in response to a stop sign on westbound 17th Street at the intersection with Roosevelt Way. Another vehicle approaching from the rear made contact with the Cruise AV's rear bumper. There were no injuries and police were not called. The Cruise AV test operator later mentioned neck pain."
392,Google,Autonomous,Stopped,Backing,Clear,Daylight,Broadside,"On December 19, 2021 at 10:30 AM PST a Waymo Autonomous Vehicle (?Waymo AV?) operating in San Francisco, CA was in a collision involving a passenger vehicle at Fulton Street and 5th Avenue. At the time of the impact, the Waymo AV?s Level 4 ADS was engaged in autonomous mode, and a test driver was present (in the driver?s seating position). The Waymo AV was stopped facing southwest on Fulton Street while yielding to pedestrians in a crosswalk when a passenger vehicle reversed at a low speed from an adjacent driveway into the right rear bumper of the Waymo AV. Both vehicles sustained minor damage."
393,Google,Conventional,Proceeding Straight,Proceeding Straight,Raining,Dark-Street Lights,Broadside,"On December 22, 2021 at 12:35 AM PST a Waymo Autonomous Vehicle (?Waymo AV?) operating in San Francisco, California was in a collision involving a passenger vehicle at Cesar Chavez and Valencia Street.  While traveling in manual mode at approximately 25 MPH on westbound Cesar Chavez, the Waymo AV proceeded through a green light into the intersection at Valencia Street. A passenger vehicle traveling southbound on Valencia Street with no headlights on entered the same intersection against the light, making contact with the Waymo AV at approximately 14 MPH. At the time of the impact, the Waymo AV?s Level 4 ADS was not engaged and a test driver was operating the Waymo AV in manual mode. The Waymo AV sustained moderate damage to the passenger side rear quarter panel. The other vehicle left the scene without exchanging information."
394,Cruise,Autonomous,Proceeding Straight,Entering Traffic,Raining,Dark-Street Lights,Broadside,"A Cruise autonomous vehicle (""Cruise AV""), operating in supervised autonomous mode, was traveling eastbound on Fulton Street in the leftmost lane between 14th Avenue and Park Presidio Boulevard. A Toyota Sienna traveling southbound on 14th Avenue made an unprotected left turn to merge onto eastbound Fulton Street. The Cruise AV braked prior to the Cruise AV operator disengaging the Cruise AV from autonomous mode. The Cruise AV operator continued to brake but, shortly thereafter, the Toyota Sienna made contact with the Cruise AV, damaging the front left fender of the Cruise AV. Police were not called to the scene and no injuries were reported."